Substance name,EC / List no,CAS no,Status,Submitter,Regulatory programme,Latest update,Link ID,Details
Silver chloride,232-033-3,7783-90-6,Consultation,Sweden,Chemical registered under REACH Active substance in Biocidal Products,27-Apr-2026,0b0236e18b32e0f8?_disslists_WAR_disslistsportlet_businessIdentifier=0b0236e18b32e0f8,"<a href=""https://echa.europa.eu/registry-of-clh-intentions-until-outcome/-/dislist/details/0b0236e18b32e0f8?_disslists_WAR_disslistsportlet_businessIdentifier=0b0236e18b32e0f8"" target=""_blank"">Details</a>"
N-ethyl-N-[2-[1-(2-methylpropoxy)ethoxy]ethyl]-4-(phenylazo)aniline,252-021-1,34432-92-3,Consultation,Germany,Chemical registered under REACH,27-Apr-2026,0b0236e18a8f8bf4?_disslists_WAR_disslistsportlet_businessIdentifier=0b0236e18a8f8bf4,"<a href=""https://echa.europa.eu/registry-of-clh-intentions-until-outcome/-/dislist/details/0b0236e18a8f8bf4?_disslists_WAR_disslistsportlet_businessIdentifier=0b0236e18a8f8bf4"" target=""_blank"">Details</a>"
"N'-(1,3-dimethylbutylidene)-3-hydroxy-2-naphthohydrazide",435-860-1,214417-91-1,Consultation,Poland,Chemical registered under REACH,27-Apr-2026,0b0236e18b63a8bc?_disslists_WAR_disslistsportlet_businessIdentifier=0b0236e18b63a8bc,"<a href=""https://echa.europa.eu/registry-of-clh-intentions-until-outcome/-/dislist/details/0b0236e18b63a8bc?_disslists_WAR_disslistsportlet_businessIdentifier=0b0236e18b63a8bc"" target=""_blank"">Details</a>"
Chloroethane,200-830-5,75-00-3,Consultation,France,Chemical registered under REACH,27-Apr-2026,0b0236e1888dd89f?_disslists_WAR_disslistsportlet_businessIdentifier=0b0236e1888dd89f,"<a href=""https://echa.europa.eu/registry-of-clh-intentions-until-outcome/-/dislist/details/0b0236e1888dd89f?_disslists_WAR_disslistsportlet_businessIdentifier=0b0236e1888dd89f"" target=""_blank"">Details</a>"
"1-isopropyl-2,2-dimethyltrimethylene diisobutyrate",229-934-9,6846-50-0,Consultation,Norway,Chemical registered under REACH,27-Apr-2026,0b0236e18a2735f5?_disslists_WAR_disslistsportlet_businessIdentifier=0b0236e18a2735f5,"<a href=""https://echa.europa.eu/registry-of-clh-intentions-until-outcome/-/dislist/details/0b0236e18a2735f5?_disslists_WAR_disslistsportlet_businessIdentifier=0b0236e18a2735f5"" target=""_blank"">Details</a>"
Napropamide,239-333-3,15299-99-7,Opinion Adopted,Slovenia,Active substance in Plant Protection Products,24-Apr-2026,0b0236e18aa81e9c?_disslists_WAR_disslistsportlet_businessIdentifier=0b0236e18aa81e9c,"<a href=""https://echa.europa.eu/registry-of-clh-intentions-until-outcome/-/dislist/details/0b0236e18aa81e9c?_disslists_WAR_disslistsportlet_businessIdentifier=0b0236e18aa81e9c"" target=""_blank"">Details</a>"
"Butyl 2,3-epoxypropyl ether",219-376-4,2426-08-6,Opinion Adopted,Sweden,Chemical registered under REACH,24-Apr-2026,0b0236e18956f352?_disslists_WAR_disslistsportlet_businessIdentifier=0b0236e18956f352,"<a href=""https://echa.europa.eu/registry-of-clh-intentions-until-outcome/-/dislist/details/0b0236e18956f352?_disslists_WAR_disslistsportlet_businessIdentifier=0b0236e18956f352"" target=""_blank"">Details</a>"
Beflubutamid,601-267-1,113614-08-7,Opinion Adopted,Germany,Active substance in Plant Protection Products,24-Apr-2026,0b0236e18a618c94?_disslists_WAR_disslistsportlet_businessIdentifier=0b0236e18a618c94,"<a href=""https://echa.europa.eu/registry-of-clh-intentions-until-outcome/-/dislist/details/0b0236e18a618c94?_disslists_WAR_disslistsportlet_businessIdentifier=0b0236e18a618c94"" target=""_blank"">Details</a>"
"Allyl 2,3-epoxypropyl ether",203-442-4,106-92-3,Opinion Adopted,Sweden,Chemical registered under REACH,24-Apr-2026,0b0236e187907d7a?_disslists_WAR_disslistsportlet_businessIdentifier=0b0236e187907d7a,"<a href=""https://echa.europa.eu/registry-of-clh-intentions-until-outcome/-/dislist/details/0b0236e187907d7a?_disslists_WAR_disslistsportlet_businessIdentifier=0b0236e187907d7a"" target=""_blank"">Details</a>"
5-methylhexan-2-one,203-737-8,110-12-3,Opinion Adopted,Finland,Chemical registered under REACH,24-Apr-2026,0b0236e18a0760ae?_disslists_WAR_disslistsportlet_businessIdentifier=0b0236e18a0760ae,"<a href=""https://echa.europa.eu/registry-of-clh-intentions-until-outcome/-/dislist/details/0b0236e18a0760ae?_disslists_WAR_disslistsportlet_businessIdentifier=0b0236e18a0760ae"" target=""_blank"">Details</a>"
"4,4'-methylene bis(dibutyldithiocarbamate)",233-593-1,10254-57-6,Opinion Adopted,Germany,Chemical registered under REACH,24-Apr-2026,0b0236e188043661?_disslists_WAR_disslistsportlet_businessIdentifier=0b0236e188043661,"<a href=""https://echa.europa.eu/registry-of-clh-intentions-until-outcome/-/dislist/details/0b0236e188043661?_disslists_WAR_disslistsportlet_businessIdentifier=0b0236e188043661"" target=""_blank"">Details</a>"
2-amino-2-methylpropanol,204-709-8,124-68-5,Opinion Adopted,Austria,Chemical registered under REACH,24-Apr-2026,0b0236e1897887ad?_disslists_WAR_disslistsportlet_businessIdentifier=0b0236e1897887ad,"<a href=""https://echa.europa.eu/registry-of-clh-intentions-until-outcome/-/dislist/details/0b0236e1897887ad?_disslists_WAR_disslistsportlet_businessIdentifier=0b0236e1897887ad"" target=""_blank"">Details</a>"
"1,3,4,6,7,8-hexahydro-4,6,6,7,8,8-hexamethylindeno[5,6-c]pyran",214-946-9,1222-05-5,Opinion Adopted,France,Chemical registered under REACH,24-Apr-2026,0b0236e18aa83d8c?_disslists_WAR_disslistsportlet_businessIdentifier=0b0236e18aa83d8c,"<a href=""https://echa.europa.eu/registry-of-clh-intentions-until-outcome/-/dislist/details/0b0236e18aa83d8c?_disslists_WAR_disslistsportlet_businessIdentifier=0b0236e18aa83d8c"" target=""_blank"">Details</a>"
(tert-butoxymethyl)oxirane,231-640-0,7665-72-7,Opinion Adopted,Sweden,Chemical registered under REACH,24-Apr-2026,0b0236e18a6d7207?_disslists_WAR_disslistsportlet_businessIdentifier=0b0236e18a6d7207,"<a href=""https://echa.europa.eu/registry-of-clh-intentions-until-outcome/-/dislist/details/0b0236e18a6d7207?_disslists_WAR_disslistsportlet_businessIdentifier=0b0236e18a6d7207"" target=""_blank"">Details</a>"
"Resin acids and Rosin acids, maleated, esters with pentaerythritol",305-516-2,94581-17-6,Opinion Development,Norway,Chemical registered under REACH,21-Apr-2026,0b0236e18a6d6829?_disslists_WAR_disslistsportlet_businessIdentifier=0b0236e18a6d6829,"<a href=""https://echa.europa.eu/registry-of-clh-intentions-until-outcome/-/dislist/details/0b0236e18a6d6829?_disslists_WAR_disslistsportlet_businessIdentifier=0b0236e18a6d6829"" target=""_blank"">Details</a>"
"Resin acids and Rosin acids, fumarated, esters with glycerol",307-051-0,97489-11-7,Opinion Development,Norway,Chemical registered under REACH,21-Apr-2026,0b0236e18a13d769?_disslists_WAR_disslistsportlet_businessIdentifier=0b0236e18a13d769,"<a href=""https://echa.europa.eu/registry-of-clh-intentions-until-outcome/-/dislist/details/0b0236e18a13d769?_disslists_WAR_disslistsportlet_businessIdentifier=0b0236e18a13d769"" target=""_blank"">Details</a>"
"Phenol, styrenated",262-975-0,61788-44-1,Submitted,Germany,Chemical registered under REACH,21-Apr-2026,0b0236e18b73594a?_disslists_WAR_disslistsportlet_businessIdentifier=0b0236e18b73594a,"<a href=""https://echa.europa.eu/registry-of-clh-intentions-until-outcome/-/dislist/details/0b0236e18b73594a?_disslists_WAR_disslistsportlet_businessIdentifier=0b0236e18b73594a"" target=""_blank"">Details</a>"
Perchlorate,623-712-9,14797-73-0,Intention,,Chemical registered under REACH,21-Apr-2026,0b0236e18b737968?_disslists_WAR_disslistsportlet_businessIdentifier=0b0236e18b737968,"<a href=""https://echa.europa.eu/registry-of-clh-intentions-until-outcome/-/dislist/details/0b0236e18b737968?_disslists_WAR_disslistsportlet_businessIdentifier=0b0236e18b737968"" target=""_blank"">Details</a>"
p-(1-phenylethyl)phenol,217-864-1,1988-89-2,Submitted,,Chemical registered under REACH,21-Apr-2026,0b0236e18a3af7b6?_disslists_WAR_disslistsportlet_businessIdentifier=0b0236e18a3af7b6,"<a href=""https://echa.europa.eu/registry-of-clh-intentions-until-outcome/-/dislist/details/0b0236e18a3af7b6?_disslists_WAR_disslistsportlet_businessIdentifier=0b0236e18a3af7b6"" target=""_blank"">Details</a>"
"3-(difluoromethyl)-1-methyl-N-[(3R)-1,1,3-trimethyl-2,3-dihydroinden-4-yl]pyrazole-4-carboxamide",875-886-2,1352994-67-2,Opinion Development,Netherlands,Active substance in Plant Protection Products,21-Apr-2026,0b0236e18d46e016?_disslists_WAR_disslistsportlet_businessIdentifier=0b0236e18d46e016,"<a href=""https://echa.europa.eu/registry-of-clh-intentions-until-outcome/-/dislist/details/0b0236e18d46e016?_disslists_WAR_disslistsportlet_businessIdentifier=0b0236e18d46e016"" target=""_blank"">Details</a>"
"3,5,5-trimethylcyclohex-2-enone",201-126-0,78-59-1,Intention,,Chemical registered under REACH,21-Apr-2026,0b0236e18c4d6ca6?_disslists_WAR_disslistsportlet_businessIdentifier=0b0236e18c4d6ca6,"<a href=""https://echa.europa.eu/registry-of-clh-intentions-until-outcome/-/dislist/details/0b0236e18c4d6ca6?_disslists_WAR_disslistsportlet_businessIdentifier=0b0236e18c4d6ca6"" target=""_blank"">Details</a>"
Swinglea glutinosa (Rutaceae) leaves extract using ethanol and water,987-013-3,-,Consultation,Netherlands,Active substance in Plant Protection Products,20-Apr-2026,0b0236e18b54cb19?_disslists_WAR_disslistsportlet_businessIdentifier=0b0236e18b54cb19,"<a href=""https://echa.europa.eu/registry-of-clh-intentions-until-outcome/-/dislist/details/0b0236e18b54cb19?_disslists_WAR_disslistsportlet_businessIdentifier=0b0236e18b54cb19"" target=""_blank"">Details</a>"
Maleic acid,203-742-5,110-16-7,Consultation,Austria,Chemical registered under REACH,20-Apr-2026,0b0236e18d0e8cc9?_disslists_WAR_disslistsportlet_businessIdentifier=0b0236e18d0e8cc9,"<a href=""https://echa.europa.eu/registry-of-clh-intentions-until-outcome/-/dislist/details/0b0236e18d0e8cc9?_disslists_WAR_disslistsportlet_businessIdentifier=0b0236e18d0e8cc9"" target=""_blank"">Details</a>"
"α-cyano-3-phenoxybenzyl [1R-[1α(S*),3α]]-3-(2,2-dibromovinyl)-2,2-dimethylcyclopropanecarboxylate",258-256-6,52918-63-5,Intention,Sweden,Active substance in Plant Protection Products Active substance in Biocidal Products,17-Apr-2026,0b0236e18d3525d3?_disslists_WAR_disslistsportlet_businessIdentifier=0b0236e18d3525d3,"<a href=""https://echa.europa.eu/registry-of-clh-intentions-until-outcome/-/dislist/details/0b0236e18d3525d3?_disslists_WAR_disslistsportlet_businessIdentifier=0b0236e18d3525d3"" target=""_blank"">Details</a>"
"morpholine hydrochloride; oleic acid, compound with morpholine (1:1); morpholinium palmitate; morpholinium toluene-4-sulphonate; morpholinium sulphamate",-,-,Submitted,,Chemical registered under REACH,17-Apr-2026,0b0236e1892b821d?_disslists_WAR_disslistsportlet_businessIdentifier=0b0236e1892b821d,"<a href=""https://echa.europa.eu/registry-of-clh-intentions-until-outcome/-/dislist/details/0b0236e1892b821d?_disslists_WAR_disslistsportlet_businessIdentifier=0b0236e1892b821d"" target=""_blank"">Details</a>"
Mono- and di-ortho-phthalate esters with at least one of the following:-a linear or branched alkyl moiety with a C4-C6 backbone* with possible substitution by methyl and/or ethyl groups;-a benzyl moiety with methylene possibly substituted by methyl and/or ethyl groups;-a cyclopentyl or cyclohexyl moiety with possible substitution by methyl and/or ethyl groups.[*The backbone is defined as the longest linear carbon chain from the ester function],-,-,Opinion Development,France,Chemical registered under REACH,13-Apr-2026,0b0236e18b92a386?_disslists_WAR_disslistsportlet_businessIdentifier=0b0236e18b92a386,"<a href=""https://echa.europa.eu/registry-of-clh-intentions-until-outcome/-/dislist/details/0b0236e18b92a386?_disslists_WAR_disslistsportlet_businessIdentifier=0b0236e18b92a386"" target=""_blank"">Details</a>"
"diisopentyl phthalate; di-n-pentyl phthalate; 1,2-benzenedicarboxylic acid, dipentyl ester, branched and linear; n-pentyl-isopentyl phthalate",-,-,Opinion Development,France,Chemical registered under REACH,13-Apr-2026,0b0236e18b929ed1?_disslists_WAR_disslistsportlet_businessIdentifier=0b0236e18b929ed1,"<a href=""https://echa.europa.eu/registry-of-clh-intentions-until-outcome/-/dislist/details/0b0236e18b929ed1?_disslists_WAR_disslistsportlet_businessIdentifier=0b0236e18b929ed1"" target=""_blank"">Details</a>"
Diisooctyl phthalate,248-523-5,27554-26-3,Opinion Development,France,Chemical registered under REACH,13-Apr-2026,0b0236e18b928a55?_disslists_WAR_disslistsportlet_businessIdentifier=0b0236e18b928a55,"<a href=""https://echa.europa.eu/registry-of-clh-intentions-until-outcome/-/dislist/details/0b0236e18b928a55?_disslists_WAR_disslistsportlet_businessIdentifier=0b0236e18b928a55"" target=""_blank"">Details</a>"
Diisohexyl phthalate,276-090-2,71850-09-4,Opinion Development,France,Chemical registered under REACH,13-Apr-2026,0b0236e18b928d80?_disslists_WAR_disslistsportlet_businessIdentifier=0b0236e18b928d80,"<a href=""https://echa.europa.eu/registry-of-clh-intentions-until-outcome/-/dislist/details/0b0236e18b928d80?_disslists_WAR_disslistsportlet_businessIdentifier=0b0236e18b928d80"" target=""_blank"">Details</a>"
Dihexyl phthalate,201-559-5,84-75-3,Opinion Development,France,Chemical registered under REACH,13-Apr-2026,0b0236e18b92a154?_disslists_WAR_disslistsportlet_businessIdentifier=0b0236e18b92a154,"<a href=""https://echa.europa.eu/registry-of-clh-intentions-until-outcome/-/dislist/details/0b0236e18b92a154?_disslists_WAR_disslistsportlet_businessIdentifier=0b0236e18b92a154"" target=""_blank"">Details</a>"
Dicyclohexyl phthalate,201-545-9,84-61-7,Opinion Development,France,Chemical registered under REACH,13-Apr-2026,0b0236e18b929aad?_disslists_WAR_disslistsportlet_businessIdentifier=0b0236e18b929aad,"<a href=""https://echa.europa.eu/registry-of-clh-intentions-until-outcome/-/dislist/details/0b0236e18b929aad?_disslists_WAR_disslistsportlet_businessIdentifier=0b0236e18b929aad"" target=""_blank"">Details</a>"
Dibutyl phthalate,201-557-4,84-74-2,Opinion Development,France,Chemical registered under REACH,13-Apr-2026,0b0236e18a6eb0d3?_disslists_WAR_disslistsportlet_businessIdentifier=0b0236e18a6eb0d3,"<a href=""https://echa.europa.eu/registry-of-clh-intentions-until-outcome/-/dislist/details/0b0236e18a6eb0d3?_disslists_WAR_disslistsportlet_businessIdentifier=0b0236e18a6eb0d3"" target=""_blank"">Details</a>"
"calcium 3,5-dioxo-4-(1-oxopropyl)-cyclohexanecarboxylate",603-193-5,127277-53-6,Opinion Development,France,Active substance in Plant Protection Products,13-Apr-2026,0b0236e185c26a66?_disslists_WAR_disslistsportlet_businessIdentifier=0b0236e185c26a66,"<a href=""https://echa.europa.eu/registry-of-clh-intentions-until-outcome/-/dislist/details/0b0236e185c26a66?_disslists_WAR_disslistsportlet_businessIdentifier=0b0236e185c26a66"" target=""_blank"">Details</a>"
"Butane-1,4-diol",203-786-5,110-63-4,Opinion Development,Germany,Chemical registered under REACH,13-Apr-2026,0b0236e18b92980a?_disslists_WAR_disslistsportlet_businessIdentifier=0b0236e18b92980a,"<a href=""https://echa.europa.eu/registry-of-clh-intentions-until-outcome/-/dislist/details/0b0236e18b92980a?_disslists_WAR_disslistsportlet_businessIdentifier=0b0236e18b92980a"" target=""_blank"">Details</a>"
Bis(2-ethylhexyl) phthalate,204-211-0,117-81-7,Opinion Development,France,Chemical registered under REACH,13-Apr-2026,0b0236e18b92a21a?_disslists_WAR_disslistsportlet_businessIdentifier=0b0236e18b92a21a,"<a href=""https://echa.europa.eu/registry-of-clh-intentions-until-outcome/-/dislist/details/0b0236e18b92a21a?_disslists_WAR_disslistsportlet_businessIdentifier=0b0236e18b92a21a"" target=""_blank"">Details</a>"
Benzyl butyl phthalate,201-622-7,85-68-7,Opinion Development,France,Chemical registered under REACH,13-Apr-2026,0b0236e18b32cdcd?_disslists_WAR_disslistsportlet_businessIdentifier=0b0236e18b32cdcd,"<a href=""https://echa.europa.eu/registry-of-clh-intentions-until-outcome/-/dislist/details/0b0236e18b32cdcd?_disslists_WAR_disslistsportlet_businessIdentifier=0b0236e18b32cdcd"" target=""_blank"">Details</a>"
Benzyl benzoate,204-402-9,120-51-4,Submitted,Belgium,Chemical registered under REACH,13-Apr-2026,0b0236e18d18f997?_disslists_WAR_disslistsportlet_businessIdentifier=0b0236e18d18f997,"<a href=""https://echa.europa.eu/registry-of-clh-intentions-until-outcome/-/dislist/details/0b0236e18d18f997?_disslists_WAR_disslistsportlet_businessIdentifier=0b0236e18d18f997"" target=""_blank"">Details</a>"
"2-anilino-4,6-dimethylpyrimidine  PYRIMETHANIL; SN 100309; ZK 100309",414-220-3,53112-28-0,Submitted,Czech Republic,Active substance in Plant Protection Products,13-Apr-2026,0b0236e18b929d1a?_disslists_WAR_disslistsportlet_businessIdentifier=0b0236e18b929d1a,"<a href=""https://echa.europa.eu/registry-of-clh-intentions-until-outcome/-/dislist/details/0b0236e18b929d1a?_disslists_WAR_disslistsportlet_businessIdentifier=0b0236e18b929d1a"" target=""_blank"">Details</a>"
"1,2-Benzenedicarboxylic acid, dihexyl ester, branched and linear",271-093-5,68515-50-4,Opinion Development,France,Chemical registered under REACH,13-Apr-2026,0b0236e18b929b72?_disslists_WAR_disslistsportlet_businessIdentifier=0b0236e18b929b72,"<a href=""https://echa.europa.eu/registry-of-clh-intentions-until-outcome/-/dislist/details/0b0236e18b929b72?_disslists_WAR_disslistsportlet_businessIdentifier=0b0236e18b929b72"" target=""_blank"">Details</a>"
"1,2-Benzenedicarboxylic acid, di-C6-8-branched alkyl esters, C7-rich",276-158-1,71888-89-6,Opinion Development,France,Chemical registered under REACH,13-Apr-2026,0b0236e18cc7c336?_disslists_WAR_disslistsportlet_businessIdentifier=0b0236e18cc7c336,"<a href=""https://echa.europa.eu/registry-of-clh-intentions-until-outcome/-/dislist/details/0b0236e18cc7c336?_disslists_WAR_disslistsportlet_businessIdentifier=0b0236e18cc7c336"" target=""_blank"">Details</a>"
Pyroxsulam,610-007-6,422556-08-9,Submitted,Denmark,Active substance in Plant Protection Products,06-Apr-2026,0b0236e18b758a67?_disslists_WAR_disslistsportlet_businessIdentifier=0b0236e18b758a67,"<a href=""https://echa.europa.eu/registry-of-clh-intentions-until-outcome/-/dislist/details/0b0236e18b758a67?_disslists_WAR_disslistsportlet_businessIdentifier=0b0236e18b758a67"" target=""_blank"">Details</a>"
Morpholine,203-815-1,110-91-8,Submitted,France,Chemical registered under REACH,06-Apr-2026,0b0236e18d2a001d?_disslists_WAR_disslistsportlet_businessIdentifier=0b0236e18d2a001d,"<a href=""https://echa.europa.eu/registry-of-clh-intentions-until-outcome/-/dislist/details/0b0236e18d2a001d?_disslists_WAR_disslistsportlet_businessIdentifier=0b0236e18d2a001d"" target=""_blank"">Details</a>"
Climbazole,253-775-4,38083-17-9,Intention,Belgium,Chemical registered under REACH,06-Apr-2026,0b0236e18b3c34e1?_disslists_WAR_disslistsportlet_businessIdentifier=0b0236e18b3c34e1,"<a href=""https://echa.europa.eu/registry-of-clh-intentions-until-outcome/-/dislist/details/0b0236e18b3c34e1?_disslists_WAR_disslistsportlet_businessIdentifier=0b0236e18b3c34e1"" target=""_blank"">Details</a>"
"2-[(4,6-dimethoxypyrimidin-2-yl)carbamoylsulfamoyl]-N,N-dimethylpyridine-3-carboxamide",601-148-4,111991-09-4,Submitted,Latvia,Active substance in Plant Protection Products,06-Apr-2026,0b0236e18b21d22c?_disslists_WAR_disslistsportlet_businessIdentifier=0b0236e18b21d22c,"<a href=""https://echa.europa.eu/registry-of-clh-intentions-until-outcome/-/dislist/details/0b0236e18b21d22c?_disslists_WAR_disslistsportlet_businessIdentifier=0b0236e18b21d22c"" target=""_blank"">Details</a>"
1-methylimidazole,210-484-7,616-47-7,Opinion Development,Norway,Chemical registered under REACH,06-Apr-2026,0b0236e18d29f7b0?_disslists_WAR_disslistsportlet_businessIdentifier=0b0236e18d29f7b0,"<a href=""https://echa.europa.eu/registry-of-clh-intentions-until-outcome/-/dislist/details/0b0236e18d29f7b0?_disslists_WAR_disslistsportlet_businessIdentifier=0b0236e18d29f7b0"" target=""_blank"">Details</a>"
"1,1,3,3-tetramethyldisiloxane",221-906-4,3277-26-7,Intention,Belgium,Chemical registered under REACH,06-Apr-2026,0b0236e185cca226?_disslists_WAR_disslistsportlet_businessIdentifier=0b0236e185cca226,"<a href=""https://echa.europa.eu/registry-of-clh-intentions-until-outcome/-/dislist/details/0b0236e185cca226?_disslists_WAR_disslistsportlet_businessIdentifier=0b0236e185cca226"" target=""_blank"">Details</a>"
"S-benzyl N,N-dipropylthiocarbamate  PROSULFOCARB",401-730-6,52888-80-9,Submitted,Portugal,Active substance in Plant Protection Products,30-Mar-2026,0b0236e18c4cf6bb?_disslists_WAR_disslistsportlet_businessIdentifier=0b0236e18c4cf6bb,"<a href=""https://echa.europa.eu/registry-of-clh-intentions-until-outcome/-/dislist/details/0b0236e18c4cf6bb?_disslists_WAR_disslistsportlet_businessIdentifier=0b0236e18c4cf6bb"" target=""_blank"">Details</a>"
Carbonohydrazide,207-837-2,497-18-7,Intention,Belgium,Chemical registered under REACH,30-Mar-2026,0b0236e18aa21e45?_disslists_WAR_disslistsportlet_businessIdentifier=0b0236e18aa21e45,"<a href=""https://echa.europa.eu/registry-of-clh-intentions-until-outcome/-/dislist/details/0b0236e18aa21e45?_disslists_WAR_disslistsportlet_businessIdentifier=0b0236e18aa21e45"" target=""_blank"">Details</a>"
"4-hydroxy-3-(3-(4'-bromo-4-biphenylyl)-1,2,3,4-tetrahydro-1-naphthyl)coumarin",259-980-5,56073-10-0,Opinion Development,Netherlands,Active substance in Biocidal Products,30-Mar-2026,0b0236e18a0ca4ef?_disslists_WAR_disslistsportlet_businessIdentifier=0b0236e18a0ca4ef,"<a href=""https://echa.europa.eu/registry-of-clh-intentions-until-outcome/-/dislist/details/0b0236e18a0ca4ef?_disslists_WAR_disslistsportlet_businessIdentifier=0b0236e18a0ca4ef"" target=""_blank"">Details</a>"
"1,1,2,2,3,3,4,4,4-nonafluorobutane-1-sulphonic acid",206-793-1,375-73-5,Submitted,Norway,Chemical registered under REACH,30-Mar-2026,0b0236e18c4bf872?_disslists_WAR_disslistsportlet_businessIdentifier=0b0236e18c4bf872,"<a href=""https://echa.europa.eu/registry-of-clh-intentions-until-outcome/-/dislist/details/0b0236e18c4bf872?_disslists_WAR_disslistsportlet_businessIdentifier=0b0236e18c4bf872"" target=""_blank"">Details</a>"
(benzyloxy)methanol,238-588-8,14548-60-8,Submitted,Austria,Active substance in Biocidal Products,30-Mar-2026,0b0236e18c300a64?_disslists_WAR_disslistsportlet_businessIdentifier=0b0236e18c300a64,"<a href=""https://echa.europa.eu/registry-of-clh-intentions-until-outcome/-/dislist/details/0b0236e18c300a64?_disslists_WAR_disslistsportlet_businessIdentifier=0b0236e18c300a64"" target=""_blank"">Details</a>"
"(1S)-2,2-bis(4-fluorophenyl)-1-methylethyl N-{[3-(acetyloxy)-4-methoxy-2-pyridyl]carbonyl}-L-alaninate",837-247-6,1961312-55-9,Submitted,Denmark,Active substance in Plant Protection Products,30-Mar-2026,0b0236e18d2a11b1?_disslists_WAR_disslistsportlet_businessIdentifier=0b0236e18d2a11b1,"<a href=""https://echa.europa.eu/registry-of-clh-intentions-until-outcome/-/dislist/details/0b0236e18d2a11b1?_disslists_WAR_disslistsportlet_businessIdentifier=0b0236e18d2a11b1"" target=""_blank"">Details</a>"
Reaction mass of 1-methyl-4-(1-methylethylidene)cyclohexyl acetate and p-menth-1-en-8-yl acetate,904-693-9,-,Intention,Belgium,Chemical registered under REACH,24-Mar-2026,0b0236e18cf4ab33?_disslists_WAR_disslistsportlet_businessIdentifier=0b0236e18cf4ab33,"<a href=""https://echa.europa.eu/registry-of-clh-intentions-until-outcome/-/dislist/details/0b0236e18cf4ab33?_disslists_WAR_disslistsportlet_businessIdentifier=0b0236e18cf4ab33"" target=""_blank"">Details</a>"
"flumetylsulforim (ISO); 5-fluoro-4-imino-3-methyl-1-[(4-methylphenyl)sulfonyl]-3,4-dihydropyrimidin-2(1H)-one",701-603-8,1616664-98-2,Intention,Austria,Active substance in Plant Protection Products,24-Mar-2026,0b0236e18c4d58b3?_disslists_WAR_disslistsportlet_businessIdentifier=0b0236e18c4d58b3,"<a href=""https://echa.europa.eu/registry-of-clh-intentions-until-outcome/-/dislist/details/0b0236e18c4d58b3?_disslists_WAR_disslistsportlet_businessIdentifier=0b0236e18c4d58b3"" target=""_blank"">Details</a>"
Aminoguanidinium hydrogen carbonate,219-956-7,2582-30-1,Intention,Belgium,Chemical registered under REACH,24-Mar-2026,0b0236e1877c5ab3?_disslists_WAR_disslistsportlet_businessIdentifier=0b0236e1877c5ab3,"<a href=""https://echa.europa.eu/registry-of-clh-intentions-until-outcome/-/dislist/details/0b0236e1877c5ab3?_disslists_WAR_disslistsportlet_businessIdentifier=0b0236e1877c5ab3"" target=""_blank"">Details</a>"
4-dimethylaminoazobenzene,200-455-7,60-11-7,Submitted,Germany,Chemical registered under REACH,24-Mar-2026,0b0236e1874b9f66?_disslists_WAR_disslistsportlet_businessIdentifier=0b0236e1874b9f66,"<a href=""https://echa.europa.eu/registry-of-clh-intentions-until-outcome/-/dislist/details/0b0236e1874b9f66?_disslists_WAR_disslistsportlet_businessIdentifier=0b0236e1874b9f66"" target=""_blank"">Details</a>"
"2,3-epoxypropyl o-tolyl ether",218-645-3,2210-79-9,Opinion Adopted,Denmark,Chemical registered under REACH,24-Mar-2026,0b0236e18c9262fb?_disslists_WAR_disslistsportlet_businessIdentifier=0b0236e18c9262fb,"<a href=""https://echa.europa.eu/registry-of-clh-intentions-until-outcome/-/dislist/details/0b0236e18c9262fb?_disslists_WAR_disslistsportlet_businessIdentifier=0b0236e18c9262fb"" target=""_blank"">Details</a>"
"N-(butoxymethyl)acrylamide; N-[(2-methylpropoxy)methyl]acrylamide; N-isopropylacrylamide; N-(methoxymethyl)acrylamide; N,N-diethylacrylamide; N-methylacrylamide",-,-,Intention,Sweden,Chemical registered under REACH,17-Mar-2026,0b0236e18ba5fc5a?_disslists_WAR_disslistsportlet_businessIdentifier=0b0236e18ba5fc5a,"<a href=""https://echa.europa.eu/registry-of-clh-intentions-until-outcome/-/dislist/details/0b0236e18ba5fc5a?_disslists_WAR_disslistsportlet_businessIdentifier=0b0236e18ba5fc5a"" target=""_blank"">Details</a>"
"fluopicolide (ISO); 2,6-dichloro-N-[3-chloro-5-(trifluoromethyl)-2-pyridylmethyl]benzamide",607-285-6,239110-15-7,Submitted,Austria,Active substance in Plant Protection Products,17-Mar-2026,0b0236e18ba5a67b?_disslists_WAR_disslistsportlet_businessIdentifier=0b0236e18ba5a67b,"<a href=""https://echa.europa.eu/registry-of-clh-intentions-until-outcome/-/dislist/details/0b0236e18ba5a67b?_disslists_WAR_disslistsportlet_businessIdentifier=0b0236e18ba5a67b"" target=""_blank"">Details</a>"
Sulphuryl difluoride,220-281-5,2699-79-8,Consultation,Austria,Active substance in Plant Protection Products,16-Mar-2026,0b0236e1835f607a?_disslists_WAR_disslistsportlet_businessIdentifier=0b0236e1835f607a,"<a href=""https://echa.europa.eu/registry-of-clh-intentions-until-outcome/-/dislist/details/0b0236e1835f607a?_disslists_WAR_disslistsportlet_businessIdentifier=0b0236e1835f607a"" target=""_blank"">Details</a>"
"Reaction mass of (3S,3aR,4S,4aR,7R,9aR,9bR,12S)-12-hydroxy-3-methyl-6-methylene 2-oxoperhydro-4a,7-methano-3,9b-propanoazuleno[1,2-b]furan-4-carboxylic acid and (3S,3aR,4S,4aR,7R,9aR,9bR,12S)-12-hydroxy-3-methyl-6-methylene-2-oxoperhydro-4a,7-methano-9b,3-propenoazuleno[1,2-b]furan-4-carboxylic acid; [gibberellins GA4A7]",617-049-4,8030-53-3,Submitted,Slovenia,Active substance in Plant Protection Products,16-Mar-2026,0b0236e18b5ad4b7?_disslists_WAR_disslistsportlet_businessIdentifier=0b0236e18b5ad4b7,"<a href=""https://echa.europa.eu/registry-of-clh-intentions-until-outcome/-/dislist/details/0b0236e18b5ad4b7?_disslists_WAR_disslistsportlet_businessIdentifier=0b0236e18b5ad4b7"" target=""_blank"">Details</a>"
peanut butter,-,-,Submitted,Austria,Active substance in Biocidal Products,16-Mar-2026,0b0236e18b25da74?_disslists_WAR_disslistsportlet_businessIdentifier=0b0236e18b25da74,"<a href=""https://echa.europa.eu/registry-of-clh-intentions-until-outcome/-/dislist/details/0b0236e18b25da74?_disslists_WAR_disslistsportlet_businessIdentifier=0b0236e18b25da74"" target=""_blank"">Details</a>"
Hydrogen chloride,231-595-7,7647-01-0,Consultation,Latvia,Chemical registered under REACH Active substance in Biocidal Products,16-Mar-2026,0b0236e18a490331?_disslists_WAR_disslistsportlet_businessIdentifier=0b0236e18a490331,"<a href=""https://echa.europa.eu/registry-of-clh-intentions-until-outcome/-/dislist/details/0b0236e18a490331?_disslists_WAR_disslistsportlet_businessIdentifier=0b0236e18a490331"" target=""_blank"">Details</a>"
Trimagnesium diphosphide,235-023-7,12057-74-8,Opinion Development,Germany,Active substance in Plant Protection Products Active substance in Biocidal Products,12-Mar-2026,0b0236e188d99c7a?_disslists_WAR_disslistsportlet_businessIdentifier=0b0236e188d99c7a,"<a href=""https://echa.europa.eu/registry-of-clh-intentions-until-outcome/-/dislist/details/0b0236e188d99c7a?_disslists_WAR_disslistsportlet_businessIdentifier=0b0236e188d99c7a"" target=""_blank"">Details</a>"
Sodium bromate,232-160-4,7789-38-0,Opinion Development,Germany,Chemical registered under REACH,12-Mar-2026,0b0236e189d64417?_disslists_WAR_disslistsportlet_businessIdentifier=0b0236e189d64417,"<a href=""https://echa.europa.eu/registry-of-clh-intentions-until-outcome/-/dislist/details/0b0236e189d64417?_disslists_WAR_disslistsportlet_businessIdentifier=0b0236e189d64417"" target=""_blank"">Details</a>"
"reaction products of ammonium bromide and sodium hypochlorite, generated in-situ",-,-,Opinion Development,Sweden,Active substance in Biocidal Products,12-Mar-2026,0b0236e188d9977a?_disslists_WAR_disslistsportlet_businessIdentifier=0b0236e188d9977a,"<a href=""https://echa.europa.eu/registry-of-clh-intentions-until-outcome/-/dislist/details/0b0236e188d9977a?_disslists_WAR_disslistsportlet_businessIdentifier=0b0236e188d9977a"" target=""_blank"">Details</a>"
Potassium bromate,231-829-8,7758-01-2,Opinion Development,Germany,Chemical registered under REACH,12-Mar-2026,0b0236e189d8b1e9?_disslists_WAR_disslistsportlet_businessIdentifier=0b0236e189d8b1e9,"<a href=""https://echa.europa.eu/registry-of-clh-intentions-until-outcome/-/dislist/details/0b0236e189d8b1e9?_disslists_WAR_disslistsportlet_businessIdentifier=0b0236e189d8b1e9"" target=""_blank"">Details</a>"
Phenyl(methylethylketoxime)silane,433-360-6,34036-80-1,Opinion Development,Germany,Chemical registered under REACH,12-Mar-2026,0b0236e18a073c56?_disslists_WAR_disslistsportlet_businessIdentifier=0b0236e18a073c56,"<a href=""https://echa.europa.eu/registry-of-clh-intentions-until-outcome/-/dislist/details/0b0236e18a073c56?_disslists_WAR_disslistsportlet_businessIdentifier=0b0236e18a073c56"" target=""_blank"">Details</a>"
"N,N-dicyclohexylbenzothiazole-2-sulphenamide",225-625-8,4979-32-2,Opinion Development,Germany,Chemical registered under REACH,12-Mar-2026,0b0236e187edc47f?_disslists_WAR_disslistsportlet_businessIdentifier=0b0236e187edc47f,"<a href=""https://echa.europa.eu/registry-of-clh-intentions-until-outcome/-/dislist/details/0b0236e187edc47f?_disslists_WAR_disslistsportlet_businessIdentifier=0b0236e187edc47f"" target=""_blank"">Details</a>"
Cinnamaldehyde,203-213-9,104-55-2,Opinion Development,Netherlands,Chemical registered under REACH Active substance in Plant Protection Products Active substance in Biocidal Products,12-Mar-2026,0b0236e189d8b24d?_disslists_WAR_disslistsportlet_businessIdentifier=0b0236e189d8b24d,"<a href=""https://echa.europa.eu/registry-of-clh-intentions-until-outcome/-/dislist/details/0b0236e189d8b24d?_disslists_WAR_disslistsportlet_businessIdentifier=0b0236e189d8b24d"" target=""_blank"">Details</a>"
"butan-2-one O,O',O''-(methylsilylidyne)trioxime; butan-2-one O,O',O''-(vinylsilylidyne)trioxime; butan-2-one O,O',O'',O'''-silanetetrayltetraoxime  show/hide  Butan-2-one O,O',O''-(vinylsilylidyne)trioxime  EC / List no: 218-747-8  | CAS no: 2224-33-1  Butan-2-one O,O',O''-(methylsilylidyne)trioxime  EC / List no: 245-366-4  | CAS no: 22984-54-9  Butan-2-one O,O',O'',O'''-silanetetrayltetraoxime  EC / List no: 251-882-0  | CAS no: 34206-40-1",-,-,Opinion Development,Germany,Chemical registered under REACH,12-Mar-2026,0b0236e18a485e34?_disslists_WAR_disslistsportlet_businessIdentifier=0b0236e18a485e34,"<a href=""https://echa.europa.eu/registry-of-clh-intentions-until-outcome/-/dislist/details/0b0236e18a485e34?_disslists_WAR_disslistsportlet_businessIdentifier=0b0236e18a485e34"" target=""_blank"">Details</a>"
Aluminium phosphide,244-088-0,20859-73-8,Opinion Development,Germany,Active substance in Plant Protection Products Active substance in Biocidal Products,12-Mar-2026,0b0236e188d02a82?_disslists_WAR_disslistsportlet_businessIdentifier=0b0236e188d02a82,"<a href=""https://echa.europa.eu/registry-of-clh-intentions-until-outcome/-/dislist/details/0b0236e188d02a82?_disslists_WAR_disslistsportlet_businessIdentifier=0b0236e188d02a82"" target=""_blank"">Details</a>"
"2-[(1R,6R)-3-methyl-6-prop-1-en-2-ylcyclohex-2-en-1-yl]-5-pentylbenzene-1,3-diol",689-176-3,13956-29-1,Opinion Development,France,Chemical registered under REACH,12-Mar-2026,0b0236e18d120662?_disslists_WAR_disslistsportlet_businessIdentifier=0b0236e18d120662,"<a href=""https://echa.europa.eu/registry-of-clh-intentions-until-outcome/-/dislist/details/0b0236e18d120662?_disslists_WAR_disslistsportlet_businessIdentifier=0b0236e18d120662"" target=""_blank"">Details</a>"
2-(4-methylcyclohex-3-en-1-yl)propan-2-ol,701-188-3,-,Intention,France,Chemical registered under REACH,12-Mar-2026,0b0236e187a8ba6c?_disslists_WAR_disslistsportlet_businessIdentifier=0b0236e187a8ba6c,"<a href=""https://echa.europa.eu/registry-of-clh-intentions-until-outcome/-/dislist/details/0b0236e187a8ba6c?_disslists_WAR_disslistsportlet_businessIdentifier=0b0236e187a8ba6c"" target=""_blank"">Details</a>"
"1-(5,6,7,8-tetrahydro-3,5,5,6,8,8-hexamethyl-2-naphthyl)ethan-1-one  EC No. 216-133-4 and EC No. 244-240-6  show/hide  1-(5,6,7,8-tetrahydro-3,5,5,6,8,8-hexamethyl-2-naphthyl)ethan-1-one  EC / List no: 216-133-4  | CAS no: 1506-02-1  1-(5,6,7,8-tetrahydro-3,5,5,6,8,8-hexamethyl-2-naphthyl)ethan-1-one  EC / List no: 244-240-6  | CAS no: 21145-77-7",-,-,Opinion Development,Germany,Chemical registered under REACH,12-Mar-2026,0b0236e187907d0b?_disslists_WAR_disslistsportlet_businessIdentifier=0b0236e187907d0b,"<a href=""https://echa.europa.eu/registry-of-clh-intentions-until-outcome/-/dislist/details/0b0236e187907d0b?_disslists_WAR_disslistsportlet_businessIdentifier=0b0236e187907d0b"" target=""_blank"">Details</a>"
Propylidynetrimethanol,201-074-9,77-99-6,Withdrawn,Finland,Chemical registered under REACH,09-Mar-2026,0b0236e1877da279?_disslists_WAR_disslistsportlet_businessIdentifier=0b0236e1877da279,"<a href=""https://echa.europa.eu/registry-of-clh-intentions-until-outcome/-/dislist/details/0b0236e1877da279?_disslists_WAR_disslistsportlet_businessIdentifier=0b0236e1877da279"" target=""_blank"">Details</a>"
Cyflufenamid,605-896-2,180409-60-3,Submitted,Germany,Active substance in Plant Protection Products,09-Mar-2026,0b0236e18d109c0b?_disslists_WAR_disslistsportlet_businessIdentifier=0b0236e18d109c0b,"<a href=""https://echa.europa.eu/registry-of-clh-intentions-until-outcome/-/dislist/details/0b0236e18d109c0b?_disslists_WAR_disslistsportlet_businessIdentifier=0b0236e18d109c0b"" target=""_blank"">Details</a>"
Bixafen,642-423-9,581809-46-3,Intention,Czech Republic,Active substance in Plant Protection Products,09-Mar-2026,0b0236e18bdedb88?_disslists_WAR_disslistsportlet_businessIdentifier=0b0236e18bdedb88,"<a href=""https://echa.europa.eu/registry-of-clh-intentions-until-outcome/-/dislist/details/0b0236e18bdedb88?_disslists_WAR_disslistsportlet_businessIdentifier=0b0236e18bdedb88"" target=""_blank"">Details</a>"
"3-Methyl-6-isopropenyl-9-decen-1-yl acetate, (3S,6R)-",-,67601-06-3,Submitted,Ireland,Active substance in Plant Protection Products,09-Mar-2026,0b0236e1861a33d4?_disslists_WAR_disslistsportlet_businessIdentifier=0b0236e1861a33d4,"<a href=""https://echa.europa.eu/registry-of-clh-intentions-until-outcome/-/dislist/details/0b0236e1861a33d4?_disslists_WAR_disslistsportlet_businessIdentifier=0b0236e1861a33d4"" target=""_blank"">Details</a>"
"1,3-dichloropropene; (Z)-1,3-dichloropropene; (E)-1,3-dichloropropene  show/hide  1,3-dichloropropene  EC / List no: 208-826-5  | CAS no: 542-75-6  (E)-1,3-dichloropropene  EC / List no: 431-460-4  | CAS no: 10061-02-6  Trans-1,3-dichloropropene  EC / List no: 626-466-0  | CAS no: 10061-02-6  (Z)-1,3-dichloropropene  EC / List no: 233-195-8  | CAS no: 10061-01-5",-,-,Opinion Adopted,Poland,Active substance in Plant Protection Products,09-Mar-2026,0b0236e18ab8a436?_disslists_WAR_disslistsportlet_businessIdentifier=0b0236e18ab8a436,"<a href=""https://echa.europa.eu/registry-of-clh-intentions-until-outcome/-/dislist/details/0b0236e18ab8a436?_disslists_WAR_disslistsportlet_businessIdentifier=0b0236e18ab8a436"" target=""_blank"">Details</a>"
"(2-hydroxy-1,1-dimethylethyl)ammonium chloride; Reaction mass of 2-amino-2-methylpropanol and (2-hydroxy-1,1-dimethylethyl)ammonium chloride  show/hide  Reaction mass of 2-amino-2-methyl-1-propanol hydrochlorid (3207-12-3) and 2-amino-2-methyl-1-propanol (124-68-5)  EC / List no: 947-894-7  | CAS no: -  (2-hydroxy-1,1-dimethylethyl)ammonium chloride  EC / List no: 221-713-5  | CAS no: 3207-12-3",-,-,Opinion Adopted,Austria,Chemical registered under REACH,09-Mar-2026,0b0236e18cf5bda9?_disslists_WAR_disslistsportlet_businessIdentifier=0b0236e18cf5bda9,"<a href=""https://echa.europa.eu/registry-of-clh-intentions-until-outcome/-/dislist/details/0b0236e18cf5bda9?_disslists_WAR_disslistsportlet_businessIdentifier=0b0236e18cf5bda9"" target=""_blank"">Details</a>"
Tembotrione,608-879-8,335104-84-2,Intention,Austria,Active substance in Plant Protection Products,03-Mar-2026,0b0236e18ad184e6?_disslists_WAR_disslistsportlet_businessIdentifier=0b0236e18ad184e6,"<a href=""https://echa.europa.eu/registry-of-clh-intentions-until-outcome/-/dislist/details/0b0236e18ad184e6?_disslists_WAR_disslistsportlet_businessIdentifier=0b0236e18ad184e6"" target=""_blank"">Details</a>"
Tebufenpyrad,601-585-0,119168-77-3,Consultation,France,Active substance in Plant Protection Products,03-Mar-2026,0b0236e18cf59050?_disslists_WAR_disslistsportlet_businessIdentifier=0b0236e18cf59050,"<a href=""https://echa.europa.eu/registry-of-clh-intentions-until-outcome/-/dislist/details/0b0236e18cf59050?_disslists_WAR_disslistsportlet_businessIdentifier=0b0236e18cf59050"" target=""_blank"">Details</a>"
sulfoxaflor (ISO); [methyl(oxo){1-[6-(trifluoromethyl)-3-pyridyl]ethyl}-λ6-sulfanylidene]cyanamide,807-366-8,946578-00-3,Intention,Austria,Active substance in Plant Protection Products,03-Mar-2026,0b0236e188d24acd?_disslists_WAR_disslistsportlet_businessIdentifier=0b0236e188d24acd,"<a href=""https://echa.europa.eu/registry-of-clh-intentions-until-outcome/-/dislist/details/0b0236e188d24acd?_disslists_WAR_disslistsportlet_businessIdentifier=0b0236e188d24acd"" target=""_blank"">Details</a>"
p-cymene,202-796-7,99-87-6,Opinion Adopted,Sweden,Chemical registered under REACH,03-Mar-2026,0b0236e1898304f1?_disslists_WAR_disslistsportlet_businessIdentifier=0b0236e1898304f1,"<a href=""https://echa.europa.eu/registry-of-clh-intentions-until-outcome/-/dislist/details/0b0236e1898304f1?_disslists_WAR_disslistsportlet_businessIdentifier=0b0236e1898304f1"" target=""_blank"">Details</a>"
"methyl-1H-benzotriazole; sodium 4(or 5)-methyl-1H-benzotriazolide; 4(or 5)-methyl-1H-benzotriazole, potassium salt; and other inorganic salts",-,-,Consultation,Germany,Chemical registered under REACH,03-Mar-2026,0b0236e18cf577be?_disslists_WAR_disslistsportlet_businessIdentifier=0b0236e18cf577be,"<a href=""https://echa.europa.eu/registry-of-clh-intentions-until-outcome/-/dislist/details/0b0236e18cf577be?_disslists_WAR_disslistsportlet_businessIdentifier=0b0236e18cf577be"" target=""_blank"">Details</a>"
D-glucitol,200-061-5,50-70-4,Intention,Austria,Active substance in Plant Protection Products,03-Mar-2026,0b0236e18981f919?_disslists_WAR_disslistsportlet_businessIdentifier=0b0236e18981f919,"<a href=""https://echa.europa.eu/registry-of-clh-intentions-until-outcome/-/dislist/details/0b0236e18981f919?_disslists_WAR_disslistsportlet_businessIdentifier=0b0236e18981f919"" target=""_blank"">Details</a>"
benzotriazole; sodium 1H-benzotriazolide; potassium 1H-benzotriazolide; and other inorganic salts,-,-,Consultation,Germany,Chemical registered under REACH,03-Mar-2026,0b0236e18acca709?_disslists_WAR_disslistsportlet_businessIdentifier=0b0236e18acca709,"<a href=""https://echa.europa.eu/registry-of-clh-intentions-until-outcome/-/dislist/details/0b0236e18acca709?_disslists_WAR_disslistsportlet_businessIdentifier=0b0236e18acca709"" target=""_blank"">Details</a>"
"acequinocyl (ISO) 3-dodecyl-1,4-dioxo-1,4-dihydronaphthalen-2-yl acetate",611-595-7,57960-19-7,Submitted,Germany,Active substance in Plant Protection Products,03-Mar-2026,0b0236e1878e53c6?_disslists_WAR_disslistsportlet_businessIdentifier=0b0236e1878e53c6,"<a href=""https://echa.europa.eu/registry-of-clh-intentions-until-outcome/-/dislist/details/0b0236e1878e53c6?_disslists_WAR_disslistsportlet_businessIdentifier=0b0236e1878e53c6"" target=""_blank"">Details</a>"
3-p-cumenyl-2-methylpropionaldehyde,203-161-7,103-95-7,Opinion Adopted,Sweden,Chemical registered under REACH,03-Mar-2026,0b0236e18cf55f1f?_disslists_WAR_disslistsportlet_businessIdentifier=0b0236e18cf55f1f,"<a href=""https://echa.europa.eu/registry-of-clh-intentions-until-outcome/-/dislist/details/0b0236e18cf55f1f?_disslists_WAR_disslistsportlet_businessIdentifier=0b0236e18cf55f1f"" target=""_blank"">Details</a>"
3-hydroxy-5-methylisoxazole,233-000-6,10004-44-1,Intention,Austria,Active substance in Plant Protection Products,03-Mar-2026,0b0236e18ab116ff?_disslists_WAR_disslistsportlet_businessIdentifier=0b0236e18ab116ff,"<a href=""https://echa.europa.eu/registry-of-clh-intentions-until-outcome/-/dislist/details/0b0236e18ab116ff?_disslists_WAR_disslistsportlet_businessIdentifier=0b0236e18ab116ff"" target=""_blank"">Details</a>"
Tris[2-chloro-1-(chloromethyl)ethyl] phosphate,237-159-2,13674-87-8,Opinion Development,Denmark,Chemical registered under REACH,23-Feb-2026,0b0236e18a4b8a42?_disslists_WAR_disslistsportlet_businessIdentifier=0b0236e18a4b8a42,"<a href=""https://echa.europa.eu/registry-of-clh-intentions-until-outcome/-/dislist/details/0b0236e18a4b8a42?_disslists_WAR_disslistsportlet_businessIdentifier=0b0236e18a4b8a42"" target=""_blank"">Details</a>"
Reaction products of phosphoryl trichloride and 2-methyloxirane,807-935-0,1244733-77-4,Opinion Development,Denmark,Chemical registered under REACH,23-Feb-2026,0b0236e18ade57c7?_disslists_WAR_disslistsportlet_businessIdentifier=0b0236e18ade57c7,"<a href=""https://echa.europa.eu/registry-of-clh-intentions-until-outcome/-/dislist/details/0b0236e18ade57c7?_disslists_WAR_disslistsportlet_businessIdentifier=0b0236e18ade57c7"" target=""_blank"">Details</a>"
"N,N'-(methylenedi-p-phenylene)bis(aziridine-1-carboxamide)",231-034-6,7417-99-4,Submitted,Ireland,Chemical registered under REACH,23-Feb-2026,0b0236e18b019f8a?_disslists_WAR_disslistsportlet_businessIdentifier=0b0236e18b019f8a,"<a href=""https://echa.europa.eu/registry-of-clh-intentions-until-outcome/-/dislist/details/0b0236e18b019f8a?_disslists_WAR_disslistsportlet_businessIdentifier=0b0236e18b019f8a"" target=""_blank"">Details</a>"
"fluoxapiprolin (ISO); 2-{3-[2-(1-{[3,5-bis(difluoromethyl)-1H-pyrazol-1-yl]acetyl}-4-piperidinyl)-1,3-thiazol-4-yl]-4,5-dihydro-1,2-oxazol-5-yl}-3-chlorophenyl methanesulfonate",810-160-0,1360819-11-9,Opinion Development,Austria,Active substance in Plant Protection Products,23-Feb-2026,0b0236e18b4ef87a?_disslists_WAR_disslistsportlet_businessIdentifier=0b0236e18b4ef87a,"<a href=""https://echa.europa.eu/registry-of-clh-intentions-until-outcome/-/dislist/details/0b0236e18b4ef87a?_disslists_WAR_disslistsportlet_businessIdentifier=0b0236e18b4ef87a"" target=""_blank"">Details</a>"
"Di-tert-butyl 3,3,5-trimethylcyclohexylidene diperoxide",229-782-3,6731-36-8,Submitted,Germany,Chemical registered under REACH,23-Feb-2026,0b0236e18baccdad?_disslists_WAR_disslistsportlet_businessIdentifier=0b0236e18baccdad,"<a href=""https://echa.europa.eu/registry-of-clh-intentions-until-outcome/-/dislist/details/0b0236e18baccdad?_disslists_WAR_disslistsportlet_businessIdentifier=0b0236e18baccdad"" target=""_blank"">Details</a>"
Chlormequat chloride,213-666-4,999-81-5,Submitted,Austria,Active substance in Plant Protection Products,23-Feb-2026,0b0236e18ca43c86?_disslists_WAR_disslistsportlet_businessIdentifier=0b0236e18ca43c86,"<a href=""https://echa.europa.eu/registry-of-clh-intentions-until-outcome/-/dislist/details/0b0236e18ca43c86?_disslists_WAR_disslistsportlet_businessIdentifier=0b0236e18ca43c86"" target=""_blank"">Details</a>"
Bis(isopropyl)naphthalene,254-052-6,38640-62-9,Intention,Sweden,Chemical registered under REACH,23-Feb-2026,0b0236e18cf415d6?_disslists_WAR_disslistsportlet_businessIdentifier=0b0236e18cf415d6,"<a href=""https://echa.europa.eu/registry-of-clh-intentions-until-outcome/-/dislist/details/0b0236e18cf415d6?_disslists_WAR_disslistsportlet_businessIdentifier=0b0236e18cf415d6"" target=""_blank"">Details</a>"
azoxystrobin (ISO); methyl (E)-2-{2-[6-(2-cyanophenoxy)pyrimidin-4-yloxy]phenyl}-3-methoxyacrylate,603-524-3,131860-33-8,Intention,Austria,Active substance in Plant Protection Products,23-Feb-2026,0b0236e18c114913?_disslists_WAR_disslistsportlet_businessIdentifier=0b0236e18c114913,"<a href=""https://echa.europa.eu/registry-of-clh-intentions-until-outcome/-/dislist/details/0b0236e18c114913?_disslists_WAR_disslistsportlet_businessIdentifier=0b0236e18c114913"" target=""_blank"">Details</a>"
"Agrobody, anti-fungal VHH (ASFBIOF01-02)",-,-,Submitted,Netherlands,Active substance in Plant Protection Products,23-Feb-2026,0b0236e18cb45397?_disslists_WAR_disslistsportlet_businessIdentifier=0b0236e18cb45397,"<a href=""https://echa.europa.eu/registry-of-clh-intentions-until-outcome/-/dislist/details/0b0236e18cb45397?_disslists_WAR_disslistsportlet_businessIdentifier=0b0236e18cb45397"" target=""_blank"">Details</a>"
Acrylic acid,201-177-9,79-10-7,Intention,Sweden,Chemical registered under REACH,23-Feb-2026,0b0236e18782d5dd?_disslists_WAR_disslistsportlet_businessIdentifier=0b0236e18782d5dd,"<a href=""https://echa.europa.eu/registry-of-clh-intentions-until-outcome/-/dislist/details/0b0236e18782d5dd?_disslists_WAR_disslistsportlet_businessIdentifier=0b0236e18782d5dd"" target=""_blank"">Details</a>"
3-(4-tert-butylphenyl)propionaldehyde,242-016-2,18127-01-0,Opinion Adopted,Sweden,Chemical registered under REACH,23-Feb-2026,0b0236e18cf3d98b?_disslists_WAR_disslistsportlet_businessIdentifier=0b0236e18cf3d98b,"<a href=""https://echa.europa.eu/registry-of-clh-intentions-until-outcome/-/dislist/details/0b0236e18cf3d98b?_disslists_WAR_disslistsportlet_businessIdentifier=0b0236e18cf3d98b"" target=""_blank"">Details</a>"
"2-[8-chloro-4-(4-methoxyphenyl)-3-oxo-quinoxaline-2-carbonyl]cyclohexane-1,3-dione",861-589-5,1342891-70-6,Intention,Austria,Active substance in Plant Protection Products,23-Feb-2026,0b0236e18bba70a7?_disslists_WAR_disslistsportlet_businessIdentifier=0b0236e18bba70a7,"<a href=""https://echa.europa.eu/registry-of-clh-intentions-until-outcome/-/dislist/details/0b0236e18bba70a7?_disslists_WAR_disslistsportlet_businessIdentifier=0b0236e18bba70a7"" target=""_blank"">Details</a>"
"2,2,2-trifluoroethanol",200-913-6,75-89-8,Intention,Estonia,Chemical registered under REACH,23-Feb-2026,0b0236e18a6f537d?_disslists_WAR_disslistsportlet_businessIdentifier=0b0236e18a6f537d,"<a href=""https://echa.europa.eu/registry-of-clh-intentions-until-outcome/-/dislist/details/0b0236e18a6f537d?_disslists_WAR_disslistsportlet_businessIdentifier=0b0236e18a6f537d"" target=""_blank"">Details</a>"
"1,4,5,6,7,7-hexachloro-8,9,10-trinorborn-5-ene-2,3-dicarboxylic anhydride",204-077-3,115-27-5,Submitted,Germany,Chemical registered under REACH,23-Feb-2026,0b0236e18cc31c7d?_disslists_WAR_disslistsportlet_businessIdentifier=0b0236e18cc31c7d,"<a href=""https://echa.europa.eu/registry-of-clh-intentions-until-outcome/-/dislist/details/0b0236e18cc31c7d?_disslists_WAR_disslistsportlet_businessIdentifier=0b0236e18cc31c7d"" target=""_blank"">Details</a>"
"Vanadate(1-), oxo[phosphato(3-)-κO]-, hydrogen, hydrate (2:2:1)",618-920-1,93280-40-1,Submitted,France,Chemical registered under REACH,16-Feb-2026,0b0236e188e6e587?_disslists_WAR_disslistsportlet_businessIdentifier=0b0236e188e6e587,"<a href=""https://echa.europa.eu/registry-of-clh-intentions-until-outcome/-/dislist/details/0b0236e188e6e587?_disslists_WAR_disslistsportlet_businessIdentifier=0b0236e188e6e587"" target=""_blank"">Details</a>"
Trifluoroacetic acid,200-929-3,76-05-1,Opinion Development,Germany,Chemical registered under REACH,16-Feb-2026,0b0236e188e8d4b8?_disslists_WAR_disslistsportlet_businessIdentifier=0b0236e188e8d4b8,"<a href=""https://echa.europa.eu/registry-of-clh-intentions-until-outcome/-/dislist/details/0b0236e188e8d4b8?_disslists_WAR_disslistsportlet_businessIdentifier=0b0236e188e8d4b8"" target=""_blank"">Details</a>"
sodium trifluoroacetate and other inorganic salts of trifluoroacetic acid  show/hide  Sodium trifluoroacetate  EC / List no: 220-879-6  | CAS no: 2923-18-4,-,-,Opinion Development,Germany,Chemical registered under REACH,16-Feb-2026,0b0236e18cc30125?_disslists_WAR_disslistsportlet_businessIdentifier=0b0236e18cc30125,"<a href=""https://echa.europa.eu/registry-of-clh-intentions-until-outcome/-/dislist/details/0b0236e18cc30125?_disslists_WAR_disslistsportlet_businessIdentifier=0b0236e18cc30125"" target=""_blank"">Details</a>"
Sodium metavanadate,237-272-7,13718-26-8,Submitted,France,Chemical registered under REACH,16-Feb-2026,0b0236e18cc30fa4?_disslists_WAR_disslistsportlet_businessIdentifier=0b0236e18cc30fa4,"<a href=""https://echa.europa.eu/registry-of-clh-intentions-until-outcome/-/dislist/details/0b0236e18cc30fa4?_disslists_WAR_disslistsportlet_businessIdentifier=0b0236e18cc30fa4"" target=""_blank"">Details</a>"
Potassium vanadium trioxide,237-388-8,13769-43-2,Submitted,France,Chemical registered under REACH,16-Feb-2026,0b0236e18c4ee37e?_disslists_WAR_disslistsportlet_businessIdentifier=0b0236e18c4ee37e,"<a href=""https://echa.europa.eu/registry-of-clh-intentions-until-outcome/-/dislist/details/0b0236e18c4ee37e?_disslists_WAR_disslistsportlet_businessIdentifier=0b0236e18c4ee37e"" target=""_blank"">Details</a>"
N-ethyl-N-[2-[1-(2-methylpropoxy)ethoxy]ethyl]-4-(phenylazo)aniline,252-021-1,34432-92-3,Consultation,Belgium,Chemical registered under REACH,16-Feb-2026,0b0236e187dde605?_disslists_WAR_disslistsportlet_businessIdentifier=0b0236e187dde605,"<a href=""https://echa.europa.eu/registry-of-clh-intentions-until-outcome/-/dislist/details/0b0236e187dde605?_disslists_WAR_disslistsportlet_businessIdentifier=0b0236e187dde605"" target=""_blank"">Details</a>"
Melamine,203-615-4,108-78-1,Consultation,Germany,Chemical registered under REACH,16-Feb-2026,0b0236e18cc2fa36?_disslists_WAR_disslistsportlet_businessIdentifier=0b0236e18cc2fa36,"<a href=""https://echa.europa.eu/registry-of-clh-intentions-until-outcome/-/dislist/details/0b0236e18cc2fa36?_disslists_WAR_disslistsportlet_businessIdentifier=0b0236e18cc2fa36"" target=""_blank"">Details</a>"
Ammonium trioxovanadate,232-261-3,7803-55-6,Submitted,France,Chemical registered under REACH,16-Feb-2026,0b0236e189ef7cf6?_disslists_WAR_disslistsportlet_businessIdentifier=0b0236e189ef7cf6,"<a href=""https://echa.europa.eu/registry-of-clh-intentions-until-outcome/-/dislist/details/0b0236e189ef7cf6?_disslists_WAR_disslistsportlet_businessIdentifier=0b0236e189ef7cf6"" target=""_blank"">Details</a>"
Sodium fluoride,231-667-8,7681-49-4,Opinion Development,France,Chemical registered under REACH,10-Feb-2026,0b0236e186f6f6b2?_disslists_WAR_disslistsportlet_businessIdentifier=0b0236e186f6f6b2,"<a href=""https://echa.europa.eu/registry-of-clh-intentions-until-outcome/-/dislist/details/0b0236e186f6f6b2?_disslists_WAR_disslistsportlet_businessIdentifier=0b0236e186f6f6b2"" target=""_blank"">Details</a>"
Talc (Mg3H2(SiO3)4),238-877-9,14807-96-6,Opinion Adopted,Netherlands,Chemical registered under REACH,04-Feb-2026,0b0236e18b32dea1?_disslists_WAR_disslistsportlet_businessIdentifier=0b0236e18b32dea1,"<a href=""https://echa.europa.eu/registry-of-clh-intentions-until-outcome/-/dislist/details/0b0236e18b32dea1?_disslists_WAR_disslistsportlet_businessIdentifier=0b0236e18b32dea1"" target=""_blank"">Details</a>"
N-(4-aminophenyl)aniline,202-951-9,101-54-2,Intention,Belgium,Chemical registered under REACH,04-Feb-2026,0b0236e18195a284?_disslists_WAR_disslistsportlet_businessIdentifier=0b0236e18195a284,"<a href=""https://echa.europa.eu/registry-of-clh-intentions-until-outcome/-/dislist/details/0b0236e18195a284?_disslists_WAR_disslistsportlet_businessIdentifier=0b0236e18195a284"" target=""_blank"">Details</a>"
"Multi-Walled Carbon Tubes (synthetic graphite in tubular shape) with a geometric tube diameter range ≥ 30 nm to ＜3 μm and a length ≥ 5 μm and aspect ratio > 3:1, including Multi-Walled Carbon Nanotubes; [MWC(N)T]",-,-,Opinion Adopted,Germany,Chemical registered under REACH,04-Feb-2026,0b0236e185e2fc46?_disslists_WAR_disslistsportlet_businessIdentifier=0b0236e185e2fc46,"<a href=""https://echa.europa.eu/registry-of-clh-intentions-until-outcome/-/dislist/details/0b0236e185e2fc46?_disslists_WAR_disslistsportlet_businessIdentifier=0b0236e185e2fc46"" target=""_blank"">Details</a>"
ethyl (R)-2-[4-(6-chloroquinoxalin-2-yloxy)phenoxy]propionate,600-119-3,100646-51-3,Opinion Development,Finland,Active substance in Plant Protection Products,03-Feb-2026,0b0236e18cc0ee2e?_disslists_WAR_disslistsportlet_businessIdentifier=0b0236e18cc0ee2e,"<a href=""https://echa.europa.eu/registry-of-clh-intentions-until-outcome/-/dislist/details/0b0236e18cc0ee2e?_disslists_WAR_disslistsportlet_businessIdentifier=0b0236e18cc0ee2e"" target=""_blank"">Details</a>"
Cobalt bis(2-ethylhexanoate),205-250-6,136-52-7,Submitted,Netherlands,Chemical registered under REACH,03-Feb-2026,0b0236e188116743?_disslists_WAR_disslistsportlet_businessIdentifier=0b0236e188116743,"<a href=""https://echa.europa.eu/registry-of-clh-intentions-until-outcome/-/dislist/details/0b0236e188116743?_disslists_WAR_disslistsportlet_businessIdentifier=0b0236e188116743"" target=""_blank"">Details</a>"
"3,5,5-trimethylhexanoic acid and its salts, with the exception of those specified elsewhere in this Annex  show/hide  Sodium 3,5,5-trimethylhexanoate  EC / List no: 220-169-6  | CAS no: 2650-30-8  3,5,5-trimethylhexanoic acid  EC / List no: 221-975-0  | CAS no: 3302-10-1  Potassium 3,5,5-trimethylhexanoate  EC / List no: 299-890-3  | CAS no: 93918-10-6  Zinc 3,5,5-trimethylhexanoate  EC / List no: 283-563-7  | CAS no: 84682-03-1  Calcium 3,5,5-trimethylhexanoate  EC / List no: 264-731-9  | CAS no: 64216-15-5",-,-,Opinion Development,Spain,Chemical registered under REACH,28-Jan-2026,0b0236e18c56b4c6?_disslists_WAR_disslistsportlet_businessIdentifier=0b0236e18c56b4c6,"<a href=""https://echa.europa.eu/registry-of-clh-intentions-until-outcome/-/dislist/details/0b0236e18c56b4c6?_disslists_WAR_disslistsportlet_businessIdentifier=0b0236e18c56b4c6"" target=""_blank"">Details</a>"
"Reaction mass of 2-hydroxy-1-{3-[4-(2-hydroxy-2-methylpropanoyl)phenyl]-1,1,3-trimethyl-2,3-dihydro-1H-inden-5-yl}-2-methylpropan-1-one and 2-hydroxy-1-{1-[4-(2-hydroxy-2-methylpropanoyl)phenyl]-1,3,3-trimethyl-2,3-dihydro-1H-inden-5-yl}-2-methylpropan-1-one; A mixture mainly based on: 2,3-dihydro-6-(2-hydroxy-2-methyl-1-oxopropyl)-1,1,3-trimethyl-3-[4-(2-hydroxy-2-methyl-1-oxopropyl)phenyl]-1H-indene; 2,3-dihydro-5-(2-hydroxy-2-methyl-1-oxopropyl)-1,1,3-trimethyl-3-[4-(2-hydroxy-2-methyl-1-oxopropyl)phenyl]-1H-indene",-,-,Intention,Austria,Chemical registered under REACH,27-Jan-2026,0b0236e180a0c9e8?_disslists_WAR_disslistsportlet_businessIdentifier=0b0236e180a0c9e8,"<a href=""https://echa.europa.eu/registry-of-clh-intentions-until-outcome/-/dislist/details/0b0236e180a0c9e8?_disslists_WAR_disslistsportlet_businessIdentifier=0b0236e180a0c9e8"" target=""_blank"">Details</a>"
"4-Hexenoic acid, 6-(1,3-dihydro-4-hydroxy-6-methoxy-7-methyl-3-oxo-5-isobenzofuranyl)-4-methyl-, (4E)-, compd. with N,N-diethylethanamine (1:1)",613-922-9,66341-85-3,Withdrawn,Sweden,Chemical registered under REACH,27-Jan-2026,0b0236e18c9b0db3?_disslists_WAR_disslistsportlet_businessIdentifier=0b0236e18c9b0db3,"<a href=""https://echa.europa.eu/registry-of-clh-intentions-until-outcome/-/dislist/details/0b0236e18c9b0db3?_disslists_WAR_disslistsportlet_businessIdentifier=0b0236e18c9b0db3"" target=""_blank"">Details</a>"
"4,4'-isopropylidenedi-2,6-xylol",227-033-5,5613-46-7,Intention,Denmark,Chemical registered under REACH,27-Jan-2026,0b0236e180a0ae26?_disslists_WAR_disslistsportlet_businessIdentifier=0b0236e180a0ae26,"<a href=""https://echa.europa.eu/registry-of-clh-intentions-until-outcome/-/dislist/details/0b0236e180a0ae26?_disslists_WAR_disslistsportlet_businessIdentifier=0b0236e180a0ae26"" target=""_blank"">Details</a>"
"2,2-bis(chloromethyl)trimethylene bis(bis(2-chloroethyl)phosphate)",253-760-2,38051-10-4,Withdrawn,Ireland,Chemical registered under REACH,27-Jan-2026,0b0236e18bdee835?_disslists_WAR_disslistsportlet_businessIdentifier=0b0236e18bdee835,"<a href=""https://echa.europa.eu/registry-of-clh-intentions-until-outcome/-/dislist/details/0b0236e18bdee835?_disslists_WAR_disslistsportlet_businessIdentifier=0b0236e18bdee835"" target=""_blank"">Details</a>"
Potassium chlorate,223-289-7,3811-04-9,Intention,Austria,Chemical registered under REACH,20-Jan-2026,0b0236e18b337106?_disslists_WAR_disslistsportlet_businessIdentifier=0b0236e18b337106,"<a href=""https://echa.europa.eu/registry-of-clh-intentions-until-outcome/-/dislist/details/0b0236e18b337106?_disslists_WAR_disslistsportlet_businessIdentifier=0b0236e18b337106"" target=""_blank"">Details</a>"
Sodium chlorate,231-887-4,7775-09-9,Intention,Austria,Chemical registered under REACH,19-Jan-2026,0b0236e18a734b0f?_disslists_WAR_disslistsportlet_businessIdentifier=0b0236e18a734b0f,"<a href=""https://echa.europa.eu/registry-of-clh-intentions-until-outcome/-/dislist/details/0b0236e18a734b0f?_disslists_WAR_disslistsportlet_businessIdentifier=0b0236e18a734b0f"" target=""_blank"">Details</a>"
2-isopropylideneaminooxyethyl (R)-2-[4-(6-chloroquinoxalin-2-yloxy)phenoxy]propionate,601-099-9,111479-05-1,Opinion Development,Austria,Active substance in Plant Protection Products,19-Jan-2026,0b0236e185c27d0d?_disslists_WAR_disslistsportlet_businessIdentifier=0b0236e185c27d0d,"<a href=""https://echa.europa.eu/registry-of-clh-intentions-until-outcome/-/dislist/details/0b0236e185c27d0d?_disslists_WAR_disslistsportlet_businessIdentifier=0b0236e185c27d0d"" target=""_blank"">Details</a>"
γ-butyrolactone,202-509-5,96-48-0,Intention,Germany,Chemical registered under REACH,15-Jan-2026,0b0236e18bae8388?_disslists_WAR_disslistsportlet_businessIdentifier=0b0236e18bae8388,"<a href=""https://echa.europa.eu/registry-of-clh-intentions-until-outcome/-/dislist/details/0b0236e18bae8388?_disslists_WAR_disslistsportlet_businessIdentifier=0b0236e18bae8388"" target=""_blank"">Details</a>"
"vanadium tetrachloride; vanadium trichloride oxide; ammonium trioxovanadate; sodium metavanadate; potassium vanadium trioxide; Vanadate(1-), oxo[phosphato(3-)-kO]-, hydrogen, hydrate (2:1)  show/hide  Vanadate(1-), oxo(phosphato(3-)-kappaO)-, hydrogen, hydrate (2:1)  EC / List no: 424-390-0  | CAS no: 93280-40-1  Potassium vanadium trioxide  EC / List no: 237-388-8  | CAS no: 13769-43-2  Sodium metavanadate  EC / List no: 237-272-7  | CAS no: 13718-26-8  Vanadium trichloride oxide  EC / List no: 231-780-2  | CAS no: 7727-18-6  Ammonium trioxovanadate  EC / List no: 232-261-3  | CAS no: 7803-55-6  Vanadium tetrachloride  EC / List no: 231-561-1  | CAS no: 7632-51-1",-,-,Submitted,France,Chemical registered under REACH,15-Jan-2026,0b0236e189817f42?_disslists_WAR_disslistsportlet_businessIdentifier=0b0236e189817f42,"<a href=""https://echa.europa.eu/registry-of-clh-intentions-until-outcome/-/dislist/details/0b0236e189817f42?_disslists_WAR_disslistsportlet_businessIdentifier=0b0236e189817f42"" target=""_blank"">Details</a>"
Tris[2-[2-(2-methoxyethoxy)ethoxy]ethyl] orthoborate,250-418-4,30989-05-0,Intention,Netherlands,Chemical registered under REACH,15-Jan-2026,0b0236e186bb7de6?_disslists_WAR_disslistsportlet_businessIdentifier=0b0236e186bb7de6,"<a href=""https://echa.europa.eu/registry-of-clh-intentions-until-outcome/-/dislist/details/0b0236e186bb7de6?_disslists_WAR_disslistsportlet_businessIdentifier=0b0236e186bb7de6"" target=""_blank"">Details</a>"
tert-butyl hydroperoxide,200-915-7,75-91-2,Intention,Netherlands,Chemical registered under REACH,15-Jan-2026,0b0236e18c908fcb?_disslists_WAR_disslistsportlet_businessIdentifier=0b0236e18c908fcb,"<a href=""https://echa.europa.eu/registry-of-clh-intentions-until-outcome/-/dislist/details/0b0236e18c908fcb?_disslists_WAR_disslistsportlet_businessIdentifier=0b0236e18c908fcb"" target=""_blank"">Details</a>"
N-methylaniline,202-870-9,100-61-8,Submitted,Poland,Chemical registered under REACH,15-Jan-2026,0b0236e18b21da7b?_disslists_WAR_disslistsportlet_businessIdentifier=0b0236e18b21da7b,"<a href=""https://echa.europa.eu/registry-of-clh-intentions-until-outcome/-/dislist/details/0b0236e18b21da7b?_disslists_WAR_disslistsportlet_businessIdentifier=0b0236e18b21da7b"" target=""_blank"">Details</a>"
Imidazole hydrobromide,483-310-2,101023-55-6,Opinion Development,Norway,Chemical registered under REACH,15-Jan-2026,0b0236e1820e7438?_disslists_WAR_disslistsportlet_businessIdentifier=0b0236e1820e7438,"<a href=""https://echa.europa.eu/registry-of-clh-intentions-until-outcome/-/dislist/details/0b0236e1820e7438?_disslists_WAR_disslistsportlet_businessIdentifier=0b0236e1820e7438"" target=""_blank"">Details</a>"
hypobromous acid [active bromine],927-683-6,13517-11-8,Intention,Netherlands,Active substance in Biocidal Products,15-Jan-2026,0b0236e1826ef795?_disslists_WAR_disslistsportlet_businessIdentifier=0b0236e1826ef795,"<a href=""https://echa.europa.eu/registry-of-clh-intentions-until-outcome/-/dislist/details/0b0236e1826ef795?_disslists_WAR_disslistsportlet_businessIdentifier=0b0236e1826ef795"" target=""_blank"">Details</a>"
"flutolanil (ISO); N-[3-(propan-2-yloxy)phenyl]-2-(trifluoromethyl)benzamide; α,α,α-trifluoro-3′-isopropoxy-o-toluanilide",613-921-3,66332-96-5,Opinion Development,Netherlands,Active substance in Plant Protection Products,15-Jan-2026,0b0236e189b39662?_disslists_WAR_disslistsportlet_businessIdentifier=0b0236e189b39662,"<a href=""https://echa.europa.eu/registry-of-clh-intentions-until-outcome/-/dislist/details/0b0236e189b39662?_disslists_WAR_disslistsportlet_businessIdentifier=0b0236e189b39662"" target=""_blank"">Details</a>"
Dioctyltin oxide,212-791-1,870-08-6,Submitted,Austria,Chemical registered under REACH,15-Jan-2026,0b0236e18b59add8?_disslists_WAR_disslistsportlet_businessIdentifier=0b0236e18b59add8,"<a href=""https://echa.europa.eu/registry-of-clh-intentions-until-outcome/-/dislist/details/0b0236e18b59add8?_disslists_WAR_disslistsportlet_businessIdentifier=0b0236e18b59add8"" target=""_blank"">Details</a>"
Dimethylsilanediol,213-915-7,1066-42-8,Submitted,Norway,Other substance,15-Jan-2026,0b0236e189bf3dbf?_disslists_WAR_disslistsportlet_businessIdentifier=0b0236e189bf3dbf,"<a href=""https://echa.europa.eu/registry-of-clh-intentions-until-outcome/-/dislist/details/0b0236e189bf3dbf?_disslists_WAR_disslistsportlet_businessIdentifier=0b0236e189bf3dbf"" target=""_blank"">Details</a>"
Dichloro(dimethyl)silane,200-901-0,75-78-5,Submitted,Sweden,Chemical registered under REACH,15-Jan-2026,0b0236e18898c816?_disslists_WAR_disslistsportlet_businessIdentifier=0b0236e18898c816,"<a href=""https://echa.europa.eu/registry-of-clh-intentions-until-outcome/-/dislist/details/0b0236e18898c816?_disslists_WAR_disslistsportlet_businessIdentifier=0b0236e18898c816"" target=""_blank"">Details</a>"
"4-amino-3,6-dichloropyridine-2-carboxylic acid",604-721-7,150114-71-9,Intention,Finland,Chemical registered under REACH Active substance in Plant Protection Products,15-Jan-2026,0b0236e18cc2071a?_disslists_WAR_disslistsportlet_businessIdentifier=0b0236e18cc2071a,"<a href=""https://echa.europa.eu/registry-of-clh-intentions-until-outcome/-/dislist/details/0b0236e18cc2071a?_disslists_WAR_disslistsportlet_businessIdentifier=0b0236e18cc2071a"" target=""_blank"">Details</a>"
"4,4'-isopropylidenebis[2-allylphenol]",217-121-1,1745-89-7,Intention,MIDU,Chemical registered under REACH,15-Jan-2026,0b0236e18c6b401a?_disslists_WAR_disslistsportlet_businessIdentifier=0b0236e18c6b401a,"<a href=""https://echa.europa.eu/registry-of-clh-intentions-until-outcome/-/dislist/details/0b0236e18c6b401a?_disslists_WAR_disslistsportlet_businessIdentifier=0b0236e18c6b401a"" target=""_blank"">Details</a>"
"2-[2-(7,8-difluoro-2-methylquinolin-3-yloxy)-6-fluorophenyl]propan-2-ol",843-381-6,1314008-27-9,Submitted,Netherlands,Active substance in Plant Protection Products,15-Jan-2026,0b0236e1877db255?_disslists_WAR_disslistsportlet_businessIdentifier=0b0236e1877db255,"<a href=""https://echa.europa.eu/registry-of-clh-intentions-until-outcome/-/dislist/details/0b0236e1877db255?_disslists_WAR_disslistsportlet_businessIdentifier=0b0236e1877db255"" target=""_blank"">Details</a>"
"2,4,6-tris(dimethylaminomethyl)phenol",202-013-9,90-72-2,Opinion Development,Germany,Chemical registered under REACH,15-Jan-2026,0b0236e186bb926d?_disslists_WAR_disslistsportlet_businessIdentifier=0b0236e186bb926d,"<a href=""https://echa.europa.eu/registry-of-clh-intentions-until-outcome/-/dislist/details/0b0236e186bb926d?_disslists_WAR_disslistsportlet_businessIdentifier=0b0236e186bb926d"" target=""_blank"">Details</a>"
"1,3-dimethylimidazolidin-2-one",201-304-8,80-73-9,Submitted,Netherlands,Chemical registered under REACH,14-Jan-2026,0b0236e1859f8c80?_disslists_WAR_disslistsportlet_businessIdentifier=0b0236e1859f8c80,"<a href=""https://echa.europa.eu/registry-of-clh-intentions-until-outcome/-/dislist/details/0b0236e1859f8c80?_disslists_WAR_disslistsportlet_businessIdentifier=0b0236e1859f8c80"" target=""_blank"">Details</a>"
ethyl 4-dimethylaminobenzoate; 2-ethylhexyl 4-(dimethylamino)benzoate; 3-methylbutyl 4-(dimethylamino)benzoate; padimate A,-,-,Intention,Spain,Chemical registered under REACH,07-Jan-2026,0b0236e18b6ac263?_disslists_WAR_disslistsportlet_businessIdentifier=0b0236e18b6ac263,"<a href=""https://echa.europa.eu/registry-of-clh-intentions-until-outcome/-/dislist/details/0b0236e18b6ac263?_disslists_WAR_disslistsportlet_businessIdentifier=0b0236e18b6ac263"" target=""_blank"">Details</a>"
cis-tricos-9-ene,248-505-7,27519-02-4,Submitted,Austria,Active substance in Biocidal Products,07-Jan-2026,0b0236e18750157c?_disslists_WAR_disslistsportlet_businessIdentifier=0b0236e18750157c,"<a href=""https://echa.europa.eu/registry-of-clh-intentions-until-outcome/-/dislist/details/0b0236e18750157c?_disslists_WAR_disslistsportlet_businessIdentifier=0b0236e18750157c"" target=""_blank"">Details</a>"
"Arnica montana, ext.  Extractives and their physically modified derivatives such as tinctures, concretes, absolutes, essential oils, oleoresins, terpenes, terpene-free fractions, distillates, residues, etc., obtained from Arnica montana, Ericaceae.",273-579-2,68990-11-4,Intention,Austria,Active substance in Biocidal Products,07-Jan-2026,0b0236e18a9d0078?_disslists_WAR_disslistsportlet_businessIdentifier=0b0236e18a9d0078,"<a href=""https://echa.europa.eu/registry-of-clh-intentions-until-outcome/-/dislist/details/0b0236e18a9d0078?_disslists_WAR_disslistsportlet_businessIdentifier=0b0236e18a9d0078"" target=""_blank"">Details</a>"
7-hydroxycitronellal,203-518-7,107-75-5,Withdrawn,Netherlands,Chemical registered under REACH Active substance in Biocidal Products,07-Jan-2026,0b0236e1809d3513?_disslists_WAR_disslistsportlet_businessIdentifier=0b0236e1809d3513,"<a href=""https://echa.europa.eu/registry-of-clh-intentions-until-outcome/-/dislist/details/0b0236e1809d3513?_disslists_WAR_disslistsportlet_businessIdentifier=0b0236e1809d3513"" target=""_blank"">Details</a>"
Silicon dioxide,231-545-4,7631-86-9,Opinion Adopted,Netherlands,Chemical registered under REACH Active substance in Biocidal Products,17-Dec-2025,0b0236e1841c71ce?_disslists_WAR_disslistsportlet_businessIdentifier=0b0236e1841c71ce,"<a href=""https://echa.europa.eu/registry-of-clh-intentions-until-outcome/-/dislist/details/0b0236e1841c71ce?_disslists_WAR_disslistsportlet_businessIdentifier=0b0236e1841c71ce"" target=""_blank"">Details</a>"
cobalt bis(2-ethylhexanoate); cobalt hydroxide oxide; cobalt dihydroxide; cobalt oxide; cobalt(II) 4-oxopent-2-en-2-olate; cobalt trihydroxide; cobalt sulphide;cobalt(2+) propionate,-,-,Submitted,Netherlands,Chemical registered under REACH,17-Dec-2025,0b0236e180618ec2?_disslists_WAR_disslistsportlet_businessIdentifier=0b0236e180618ec2,"<a href=""https://echa.europa.eu/registry-of-clh-intentions-until-outcome/-/dislist/details/0b0236e180618ec2?_disslists_WAR_disslistsportlet_businessIdentifier=0b0236e180618ec2"" target=""_blank"">Details</a>"
Dazomet,208-576-7,533-74-4,Opinion Adopted,Belgium,Active substance in Biocidal Products,10-Dec-2025,0b0236e189b9c67e?_disslists_WAR_disslistsportlet_businessIdentifier=0b0236e189b9c67e,"<a href=""https://echa.europa.eu/registry-of-clh-intentions-until-outcome/-/dislist/details/0b0236e189b9c67e?_disslists_WAR_disslistsportlet_businessIdentifier=0b0236e189b9c67e"" target=""_blank"">Details</a>"
choline hydrogen phosphonate,701-538-5,947138-30-9,Opinion Adopted,Belgium,Active substance in Plant Protection Products,10-Dec-2025,0b0236e185fb8885?_disslists_WAR_disslistsportlet_businessIdentifier=0b0236e185fb8885,"<a href=""https://echa.europa.eu/registry-of-clh-intentions-until-outcome/-/dislist/details/0b0236e185fb8885?_disslists_WAR_disslistsportlet_businessIdentifier=0b0236e185fb8885"" target=""_blank"">Details</a>"
Calcium acetylide,200-848-3,75-20-7,Opinion Adopted,Estonia,Chemical registered under REACH Active substance in Plant Protection Products,10-Dec-2025,0b0236e188e6df49?_disslists_WAR_disslistsportlet_businessIdentifier=0b0236e188e6df49,"<a href=""https://echa.europa.eu/registry-of-clh-intentions-until-outcome/-/dislist/details/0b0236e188e6df49?_disslists_WAR_disslistsportlet_businessIdentifier=0b0236e188e6df49"" target=""_blank"">Details</a>"
"Bis(pentane-2,4-dionato)calcium",243-001-3,19372-44-2,Opinion Adopted,Germany,Chemical registered under REACH,10-Dec-2025,0b0236e18a076cac?_disslists_WAR_disslistsportlet_businessIdentifier=0b0236e18a076cac,"<a href=""https://echa.europa.eu/registry-of-clh-intentions-until-outcome/-/dislist/details/0b0236e18a076cac?_disslists_WAR_disslistsportlet_businessIdentifier=0b0236e18a076cac"" target=""_blank"">Details</a>"
"[4-[p,p'-bis(dimethylamino)benzhydrylidene]cyclohexa-2,5-dien-1-ylidene]dimethylammonium m-[[p-anilinophenyl]azo]benzenesulphonate",265-449-9,65113-55-5,Opinion Adopted,Germany,Chemical registered under REACH,10-Dec-2025,0b0236e188d25b88?_disslists_WAR_disslistsportlet_businessIdentifier=0b0236e188d25b88,"<a href=""https://echa.europa.eu/registry-of-clh-intentions-until-outcome/-/dislist/details/0b0236e188d25b88?_disslists_WAR_disslistsportlet_businessIdentifier=0b0236e188d25b88"" target=""_blank"">Details</a>"
4-tert-butylbenzoic acid,202-696-3,98-73-7,Opinion Adopted,Sweden,Chemical registered under REACH,10-Dec-2025,0b0236e18895ce92?_disslists_WAR_disslistsportlet_businessIdentifier=0b0236e18895ce92,"<a href=""https://echa.europa.eu/registry-of-clh-intentions-until-outcome/-/dislist/details/0b0236e18895ce92?_disslists_WAR_disslistsportlet_businessIdentifier=0b0236e18895ce92"" target=""_blank"">Details</a>"
4-hydroxy-4-methylpentan-2-one,204-626-7,123-42-2,Opinion Adopted,France,Chemical registered under REACH,10-Dec-2025,0b0236e188d25b20?_disslists_WAR_disslistsportlet_businessIdentifier=0b0236e188d25b20,"<a href=""https://echa.europa.eu/registry-of-clh-intentions-until-outcome/-/dislist/details/0b0236e188d25b20?_disslists_WAR_disslistsportlet_businessIdentifier=0b0236e188d25b20"" target=""_blank"">Details</a>"
2-(4-tert-butylbenzyl)propionaldehyde,201-289-8,80-54-6,Opinion Adopted,Sweden,Chemical registered under REACH,10-Dec-2025,0b0236e18803080e?_disslists_WAR_disslistsportlet_businessIdentifier=0b0236e18803080e,"<a href=""https://echa.europa.eu/registry-of-clh-intentions-until-outcome/-/dislist/details/0b0236e18803080e?_disslists_WAR_disslistsportlet_businessIdentifier=0b0236e18803080e"" target=""_blank"">Details</a>"
"1-methylheptyl [(4-amino-3,5-dichloro-6-fluoropyridin-2-yl)oxy]acetate",279-752-9,81406-37-3,Opinion Adopted,Sweden,Active substance in Plant Protection Products,10-Dec-2025,0b0236e18c2314c7?_disslists_WAR_disslistsportlet_businessIdentifier=0b0236e18c2314c7,"<a href=""https://echa.europa.eu/registry-of-clh-intentions-until-outcome/-/dislist/details/0b0236e18c2314c7?_disslists_WAR_disslistsportlet_businessIdentifier=0b0236e18c2314c7"" target=""_blank"">Details</a>"
"N-[(1R,2S)-2,6-dimethyl-2,3-dihydro-1H-inden-1-yl]-6-[(1RS)-1-fluoroethyl]-1,3,5-triazine-2,4-diamine",936-023-6,950782-86-2,Withdrawn,France,Active substance in Plant Protection Products,02-Dec-2025,0b0236e180dbe747?_disslists_WAR_disslistsportlet_businessIdentifier=0b0236e180dbe747,"<a href=""https://echa.europa.eu/registry-of-clh-intentions-until-outcome/-/dislist/details/0b0236e180dbe747?_disslists_WAR_disslistsportlet_businessIdentifier=0b0236e180dbe747"" target=""_blank"">Details</a>"
methylmercury salts,694-823-8,22967-92-6,Withdrawn,France,Chemical registered under REACH,02-Dec-2025,0b0236e1895b28d9?_disslists_WAR_disslistsportlet_businessIdentifier=0b0236e1895b28d9,"<a href=""https://echa.europa.eu/registry-of-clh-intentions-until-outcome/-/dislist/details/0b0236e1895b28d9?_disslists_WAR_disslistsportlet_businessIdentifier=0b0236e1895b28d9"" target=""_blank"">Details</a>"
strontium neodecanoate; strontium di(acetate); strontium tartrate; strontium oxalate; strontium chloride; strontium nitrate; strontium fluoride; strontium sulphate; strontium carbonate; strontium hydrogen phosphate; strontium hydroxide; strontium bis{5-[bis(carboxymethyl)amino]-3-(carboxymethyl)-4-cyanothiophene-2-carboxylate},-,-,Opinion Adopted,Sweden,Chemical registered under REACH,27-Nov-2025,0b0236e182a60eb1?_disslists_WAR_disslistsportlet_businessIdentifier=0b0236e182a60eb1,"<a href=""https://echa.europa.eu/registry-of-clh-intentions-until-outcome/-/dislist/details/0b0236e182a60eb1?_disslists_WAR_disslistsportlet_businessIdentifier=0b0236e182a60eb1"" target=""_blank"">Details</a>"
reaction products of boric acid with didecylamine and ethylene oxide,695-923-4,214710-34-6,Opinion Development,Greece,Active substance in Biocidal Products,27-Nov-2025,0b0236e18272dbc8?_disslists_WAR_disslistsportlet_businessIdentifier=0b0236e18272dbc8,"<a href=""https://echa.europa.eu/registry-of-clh-intentions-until-outcome/-/dislist/details/0b0236e18272dbc8?_disslists_WAR_disslistsportlet_businessIdentifier=0b0236e18272dbc8"" target=""_blank"">Details</a>"
Propyl [3-(dimethylamino)propyl]carbamate monohydrochloride,247-125-9,25606-41-1,Opinion Adopted,Portugal,Active substance in Plant Protection Products,27-Nov-2025,0b0236e189b7bd86?_disslists_WAR_disslistsportlet_businessIdentifier=0b0236e189b7bd86,"<a href=""https://echa.europa.eu/registry-of-clh-intentions-until-outcome/-/dislist/details/0b0236e189b7bd86?_disslists_WAR_disslistsportlet_businessIdentifier=0b0236e189b7bd86"" target=""_blank"">Details</a>"
"milbemectin (ISO); Reaction mass of (2aE,4E,8E)-(5′S,6R,6′R,11R,13R,15S,17aR,20R,20aR,20bS)-6′-ethyl-3′,4′,5′,6,6′,7,10,11,14,15,17a,20,20a,20b-tetradecahydro-20,20b-dihydroxy-5′,6,8,19-tetramethylspiro[11,15-methano-2H,13H,17H-furo[4,3,2-pq][2,6]benzodioxacyclooctadecin-13,2′-[2H]pyran]-17-one and (2aE,4E,8E)-(5′S,6R,6′R,11R,13R,15S,17aR,20R,20aR,20bS)-3′,4′,5′,6,6′,7,10,11,14,15,17a,20,20a,20b-tetradecahydro-20,20b-dihydroxy-5′,6,6′,8,19-pentamethylspiro[11,15-methano-2H,13H,17H-furo[4,3,2-pq][2,6]benzodioxacyclooctadecin-13,2′-[2H]pyran]-17-one [Reaction mass of milbemycin A3 (CAS No 51596-10-2) and milbemycin A4 (CAS No 51596-11-3)]",943-060-1,1799297-76-9,Opinion Adopted,Germany,Active substance in Plant Protection Products,27-Nov-2025,0b0236e1887d0f82?_disslists_WAR_disslistsportlet_businessIdentifier=0b0236e1887d0f82,"<a href=""https://echa.europa.eu/registry-of-clh-intentions-until-outcome/-/dislist/details/0b0236e1887d0f82?_disslists_WAR_disslistsportlet_businessIdentifier=0b0236e1887d0f82"" target=""_blank"">Details</a>"
Methyl isothiocyanate,209-132-5,556-61-6,Opinion Adopted,Belgium,Chemical registered under REACH Active substance in Plant Protection Products,27-Nov-2025,0b0236e186a47938?_disslists_WAR_disslistsportlet_businessIdentifier=0b0236e186a47938,"<a href=""https://echa.europa.eu/registry-of-clh-intentions-until-outcome/-/dislist/details/0b0236e186a47938?_disslists_WAR_disslistsportlet_businessIdentifier=0b0236e186a47938"" target=""_blank"">Details</a>"
Hydrogen peroxide,231-765-0,7722-84-1,Opinion Adopted,Finland,Chemical registered under REACH Active substance in Biocidal Products,27-Nov-2025,0b0236e188512e18?_disslists_WAR_disslistsportlet_businessIdentifier=0b0236e188512e18,"<a href=""https://echa.europa.eu/registry-of-clh-intentions-until-outcome/-/dislist/details/0b0236e188512e18?_disslists_WAR_disslistsportlet_businessIdentifier=0b0236e188512e18"" target=""_blank"">Details</a>"
Flonicamid (IKI-220),605-127-0,158062-67-0,Opinion Adopted,Finland,Active substance in Plant Protection Products,27-Nov-2025,0b0236e188915011?_disslists_WAR_disslistsportlet_businessIdentifier=0b0236e188915011,"<a href=""https://echa.europa.eu/registry-of-clh-intentions-until-outcome/-/dislist/details/0b0236e188915011?_disslists_WAR_disslistsportlet_businessIdentifier=0b0236e188915011"" target=""_blank"">Details</a>"
Dodine,219-459-5,2439-10-3,Opinion Adopted,Spain,Active substance in Plant Protection Products,27-Nov-2025,0b0236e18a6138c3?_disslists_WAR_disslistsportlet_businessIdentifier=0b0236e18a6138c3,"<a href=""https://echa.europa.eu/registry-of-clh-intentions-until-outcome/-/dislist/details/0b0236e18a6138c3?_disslists_WAR_disslistsportlet_businessIdentifier=0b0236e18a6138c3"" target=""_blank"">Details</a>"
Chlorophacinone,223-003-0,3691-35-8,Opinion Adopted,Spain,Active substance in Biocidal Products,27-Nov-2025,0b0236e1897ebf06?_disslists_WAR_disslistsportlet_businessIdentifier=0b0236e1897ebf06,"<a href=""https://echa.europa.eu/registry-of-clh-intentions-until-outcome/-/dislist/details/0b0236e1897ebf06?_disslists_WAR_disslistsportlet_businessIdentifier=0b0236e1897ebf06"" target=""_blank"">Details</a>"
8-methyldecan-2-yl propionate,987-135-7,81931-28-4,Opinion Adopted,Austria,Active substance in Plant Protection Products,27-Nov-2025,0b0236e18aa49d94?_disslists_WAR_disslistsportlet_businessIdentifier=0b0236e18aa49d94,"<a href=""https://echa.europa.eu/registry-of-clh-intentions-until-outcome/-/dislist/details/0b0236e18aa49d94?_disslists_WAR_disslistsportlet_businessIdentifier=0b0236e18aa49d94"" target=""_blank"">Details</a>"
"(+/-) 2-(2,4-dichlorophenyl)-3-(1H-1,2,4-triazole-1-yl)propyl-1,1,2,2-tetrafluoroethylether  TETRACONAZOLE",407-760-6,112281-77-3,Opinion Development,France,Chemical registered under REACH Active substance in Plant Protection Products,27-Nov-2025,0b0236e18a6e679d?_disslists_WAR_disslistsportlet_businessIdentifier=0b0236e18a6e679d,"<a href=""https://echa.europa.eu/registry-of-clh-intentions-until-outcome/-/dislist/details/0b0236e18a6e679d?_disslists_WAR_disslistsportlet_businessIdentifier=0b0236e18a6e679d"" target=""_blank"">Details</a>"
"Rosin, oligomers",500-163-2,65997-05-9,Opinion Development,Norway,Chemical registered under REACH,24-Nov-2025,0b0236e18a6e5d7c?_disslists_WAR_disslistsportlet_businessIdentifier=0b0236e18a6e5d7c,"<a href=""https://echa.europa.eu/registry-of-clh-intentions-until-outcome/-/dislist/details/0b0236e18a6e5d7c?_disslists_WAR_disslistsportlet_businessIdentifier=0b0236e18a6e5d7c"" target=""_blank"">Details</a>"
"Rosin, maleated",232-480-4,8050-28-0,Opinion Development,Norway,Chemical registered under REACH,24-Nov-2025,0b0236e18aaf7c5b?_disslists_WAR_disslistsportlet_businessIdentifier=0b0236e18aaf7c5b,"<a href=""https://echa.europa.eu/registry-of-clh-intentions-until-outcome/-/dislist/details/0b0236e18aaf7c5b?_disslists_WAR_disslistsportlet_businessIdentifier=0b0236e18aaf7c5b"" target=""_blank"">Details</a>"
"Rosin, hydrogenated",266-041-3,65997-06-0,Opinion Development,Norway,Chemical registered under REACH,24-Nov-2025,0b0236e18a6e5949?_disslists_WAR_disslistsportlet_businessIdentifier=0b0236e18a6e5949,"<a href=""https://echa.europa.eu/registry-of-clh-intentions-until-outcome/-/dislist/details/0b0236e18a6e5949?_disslists_WAR_disslistsportlet_businessIdentifier=0b0236e18a6e5949"" target=""_blank"">Details</a>"
"Rosin, fumarated",266-040-8,65997-04-8,Opinion Development,Norway,Chemical registered under REACH,24-Nov-2025,0b0236e18a6e72ff?_disslists_WAR_disslistsportlet_businessIdentifier=0b0236e18a6e72ff,"<a href=""https://echa.europa.eu/registry-of-clh-intentions-until-outcome/-/dislist/details/0b0236e18a6e72ff?_disslists_WAR_disslistsportlet_businessIdentifier=0b0236e18a6e72ff"" target=""_blank"">Details</a>"
"Rosin  A complex combination derived from wood, especially pine wood. Composed primarily of resin acids and modified resin acids such as dimers and decarboxylated resin acids. Includes rosin stabilized by catalytic disproportionation.",232-475-7,8050-09-7,Opinion Development,Norway,Chemical registered under REACH,24-Nov-2025,0b0236e18aafde15?_disslists_WAR_disslistsportlet_businessIdentifier=0b0236e18aafde15,"<a href=""https://echa.europa.eu/registry-of-clh-intentions-until-outcome/-/dislist/details/0b0236e18aafde15?_disslists_WAR_disslistsportlet_businessIdentifier=0b0236e18aafde15"" target=""_blank"">Details</a>"
"Fatty acids, tall-oil, oligomeric reaction products with maleic anhydride and rosin, calcium magnesium zinc salts",500-451-8,160901-14-4,Opinion Development,Norway,Chemical registered under REACH,24-Nov-2025,0b0236e18a6e3fc8?_disslists_WAR_disslistsportlet_businessIdentifier=0b0236e18a6e3fc8,"<a href=""https://echa.europa.eu/registry-of-clh-intentions-until-outcome/-/dislist/details/0b0236e18a6e3fc8?_disslists_WAR_disslistsportlet_businessIdentifier=0b0236e18a6e3fc8"" target=""_blank"">Details</a>"
"Fatty acids, tall oil and rosin reacted with maleic anhydride",940-281-5,-,Opinion Development,Norway,Chemical registered under REACH,24-Nov-2025,0b0236e186374090?_disslists_WAR_disslistsportlet_businessIdentifier=0b0236e186374090,"<a href=""https://echa.europa.eu/registry-of-clh-intentions-until-outcome/-/dislist/details/0b0236e186374090?_disslists_WAR_disslistsportlet_businessIdentifier=0b0236e186374090"" target=""_blank"">Details</a>"
"α,α'-propylenedinitrilodi-o-cresol",202-374-2,94-91-7,Opinion Adopted,Netherlands,Chemical registered under REACH,21-Nov-2025,0b0236e18bd6d967?_disslists_WAR_disslistsportlet_businessIdentifier=0b0236e18bd6d967,"<a href=""https://echa.europa.eu/registry-of-clh-intentions-until-outcome/-/dislist/details/0b0236e18bd6d967?_disslists_WAR_disslistsportlet_businessIdentifier=0b0236e18bd6d967"" target=""_blank"">Details</a>"
Trimagnesium diphosphide,235-023-7,12057-74-8,Submitted,Austria,Active substance in Plant Protection Products,21-Nov-2025,0b0236e185beee0b?_disslists_WAR_disslistsportlet_businessIdentifier=0b0236e185beee0b,"<a href=""https://echa.europa.eu/registry-of-clh-intentions-until-outcome/-/dislist/details/0b0236e185beee0b?_disslists_WAR_disslistsportlet_businessIdentifier=0b0236e185beee0b"" target=""_blank"">Details</a>"
Tetrairon tris(pyrophosphate),233-190-0,10058-44-3,Opinion Adopted,Poland,Chemical registered under REACH Active substance in Plant Protection Products,21-Nov-2025,0b0236e185d4dbc1?_disslists_WAR_disslistsportlet_businessIdentifier=0b0236e185d4dbc1,"<a href=""https://echa.europa.eu/registry-of-clh-intentions-until-outcome/-/dislist/details/0b0236e185d4dbc1?_disslists_WAR_disslistsportlet_businessIdentifier=0b0236e185d4dbc1"" target=""_blank"">Details</a>"
Tetrahydrofurfuryl methacrylate,219-529-5,2455-24-5,Opinion Adopted,Austria,Chemical registered under REACH,21-Nov-2025,0b0236e18391641f?_disslists_WAR_disslistsportlet_businessIdentifier=0b0236e18391641f,"<a href=""https://echa.europa.eu/registry-of-clh-intentions-until-outcome/-/dislist/details/0b0236e18391641f?_disslists_WAR_disslistsportlet_businessIdentifier=0b0236e18391641f"" target=""_blank"">Details</a>"
N-1-naphthylaniline,201-983-0,90-30-2,Opinion Adopted,Germany,Chemical registered under REACH,21-Nov-2025,0b0236e187bfb3cf?_disslists_WAR_disslistsportlet_businessIdentifier=0b0236e187bfb3cf,"<a href=""https://echa.europa.eu/registry-of-clh-intentions-until-outcome/-/dislist/details/0b0236e187bfb3cf?_disslists_WAR_disslistsportlet_businessIdentifier=0b0236e187bfb3cf"" target=""_blank"">Details</a>"
Methyl oct-2-ynoate,203-836-6,111-12-6,Opinion Adopted,Denmark,Chemical registered under REACH,21-Nov-2025,0b0236e1821274ea?_disslists_WAR_disslistsportlet_businessIdentifier=0b0236e1821274ea,"<a href=""https://echa.europa.eu/registry-of-clh-intentions-until-outcome/-/dislist/details/0b0236e1821274ea?_disslists_WAR_disslistsportlet_businessIdentifier=0b0236e1821274ea"" target=""_blank"">Details</a>"
dinotefuran (ISO); 1-methyl-2-nitro-3-(tetrahydro-3-furylmethyl)guanidine,605-399-0,165252-70-0,Withdrawn,United Kingdom,Active substance in Biocidal Products,21-Nov-2025,0b0236e1878a77c8?_disslists_WAR_disslistsportlet_businessIdentifier=0b0236e1878a77c8,"<a href=""https://echa.europa.eu/registry-of-clh-intentions-until-outcome/-/dislist/details/0b0236e1878a77c8?_disslists_WAR_disslistsportlet_businessIdentifier=0b0236e1878a77c8"" target=""_blank"">Details</a>"
dinotefuran (ISO); 1-methyl-2-nitro-3-(tetrahydro-3-furylmethyl)guanidine,605-399-0,165252-70-0,Opinion Adopted,Belgium,Chemical registered under REACH Active substance in Biocidal Products,21-Nov-2025,0b0236e18c9dd908?_disslists_WAR_disslistsportlet_businessIdentifier=0b0236e18c9dd908,"<a href=""https://echa.europa.eu/registry-of-clh-intentions-until-outcome/-/dislist/details/0b0236e18c9dd908?_disslists_WAR_disslistsportlet_businessIdentifier=0b0236e18c9dd908"" target=""_blank"">Details</a>"
Cyantraniliprole,680-242-7,736994-63-1,Intention,Spain,Active substance in Plant Protection Products,21-Nov-2025,0b0236e1850a71a1?_disslists_WAR_disslistsportlet_businessIdentifier=0b0236e1850a71a1,"<a href=""https://echa.europa.eu/registry-of-clh-intentions-until-outcome/-/dislist/details/0b0236e1850a71a1?_disslists_WAR_disslistsportlet_businessIdentifier=0b0236e1850a71a1"" target=""_blank"">Details</a>"
"Chrysanthemum cinerariaefolium, ext.  Extractives and their physically modified derivatives such as tinctures, concretes, absolutes, essential oils, oleoresins, terpenes, terpene-free fractions, distillates, residues, etc., obtained from Chrysanthemum cinerariaefolium, Compositae.",289-699-3,89997-63-7,Opinion Adopted,Spain,Active substance in Plant Protection Products Active substance in Biocidal Products,21-Nov-2025,0b0236e1860622a9?_disslists_WAR_disslistsportlet_businessIdentifier=0b0236e1860622a9,"<a href=""https://echa.europa.eu/registry-of-clh-intentions-until-outcome/-/dislist/details/0b0236e1860622a9?_disslists_WAR_disslistsportlet_businessIdentifier=0b0236e1860622a9"" target=""_blank"">Details</a>"
"Chrysanthemum cinerariaefolium, ext.  Extractives and their physically modified derivatives such as tinctures, concretes, absolutes, essential oils, oleoresins, terpenes, terpene-free fractions, distillates, residues, etc., obtained from Chrysanthemum cinerariaefolium, Compositae.",289-699-3,89997-63-7,Opinion Adopted,Spain,Active substance in Plant Protection Products Active substance in Biocidal Products,21-Nov-2025,0b0236e1841c9fc1?_disslists_WAR_disslistsportlet_businessIdentifier=0b0236e1841c9fc1,"<a href=""https://echa.europa.eu/registry-of-clh-intentions-until-outcome/-/dislist/details/0b0236e1841c9fc1?_disslists_WAR_disslistsportlet_businessIdentifier=0b0236e1841c9fc1"" target=""_blank"">Details</a>"
"bixlozone (ISO); 2-(2,4-dichlorobenzyl)-4,4-dimethyl-1,2-oxazolidin-3-one",701-330-4,81777-95-9,Opinion Adopted,Netherlands,Active substance in Plant Protection Products,21-Nov-2025,0b0236e1848d1fab?_disslists_WAR_disslistsportlet_businessIdentifier=0b0236e1848d1fab,"<a href=""https://echa.europa.eu/registry-of-clh-intentions-until-outcome/-/dislist/details/0b0236e1848d1fab?_disslists_WAR_disslistsportlet_businessIdentifier=0b0236e1848d1fab"" target=""_blank"">Details</a>"
Barium chromate,233-660-5,10294-40-3,Opinion Adopted,Netherlands,Chemical registered under REACH,21-Nov-2025,0b0236e18706e0fd?_disslists_WAR_disslistsportlet_businessIdentifier=0b0236e18706e0fd,"<a href=""https://echa.europa.eu/registry-of-clh-intentions-until-outcome/-/dislist/details/0b0236e18706e0fd?_disslists_WAR_disslistsportlet_businessIdentifier=0b0236e18706e0fd"" target=""_blank"">Details</a>"
Barium bis[2-chloro-5-[(2-hydroxy-1-naphthyl)azo]toluene-4-sulphonate],225-935-3,5160-02-1,Opinion Adopted,Germany,Chemical registered under REACH,21-Nov-2025,0b0236e18bd6c8a0?_disslists_WAR_disslistsportlet_businessIdentifier=0b0236e18bd6c8a0,"<a href=""https://echa.europa.eu/registry-of-clh-intentions-until-outcome/-/dislist/details/0b0236e18bd6c8a0?_disslists_WAR_disslistsportlet_businessIdentifier=0b0236e18bd6c8a0"" target=""_blank"">Details</a>"
Aluminium phosphide,244-088-0,20859-73-8,Submitted,Austria,Active substance in Plant Protection Products,21-Nov-2025,0b0236e1841b70a8?_disslists_WAR_disslistsportlet_businessIdentifier=0b0236e1841b70a8,"<a href=""https://echa.europa.eu/registry-of-clh-intentions-until-outcome/-/dislist/details/0b0236e1841b70a8?_disslists_WAR_disslistsportlet_businessIdentifier=0b0236e1841b70a8"" target=""_blank"">Details</a>"
"9-Octadecenoic acid (Z)-, sulfonated, potassium salts",271-843-1,68609-93-8,Opinion Adopted,Netherlands,Chemical registered under REACH,21-Nov-2025,0b0236e18729d671?_disslists_WAR_disslistsportlet_businessIdentifier=0b0236e18729d671,"<a href=""https://echa.europa.eu/registry-of-clh-intentions-until-outcome/-/dislist/details/0b0236e18729d671?_disslists_WAR_disslistsportlet_businessIdentifier=0b0236e18729d671"" target=""_blank"">Details</a>"
2-methyl-2H-isothiazol-3-one hydrochloride,247-499-3,26172-54-3,Opinion Adopted,Slovenia,Chemical registered under REACH Active substance in Biocidal Products,21-Nov-2025,0b0236e187029f51?_disslists_WAR_disslistsportlet_businessIdentifier=0b0236e187029f51,"<a href=""https://echa.europa.eu/registry-of-clh-intentions-until-outcome/-/dislist/details/0b0236e187029f51?_disslists_WAR_disslistsportlet_businessIdentifier=0b0236e187029f51"" target=""_blank"">Details</a>"
"2-ethylhexanoic acid, monoester with propane-1,2-diol",285-503-5,85114-00-7,Opinion Adopted,Spain,Chemical registered under REACH,21-Nov-2025,0b0236e18547fecb?_disslists_WAR_disslistsportlet_businessIdentifier=0b0236e18547fecb,"<a href=""https://echa.europa.eu/registry-of-clh-intentions-until-outcome/-/dislist/details/0b0236e18547fecb?_disslists_WAR_disslistsportlet_businessIdentifier=0b0236e18547fecb"" target=""_blank"">Details</a>"
"2-bromo-3,3,3-trifluoroprop-1-ene",627-872-0,1514-82-5,Opinion Adopted,Spain,Chemical registered under REACH,21-Nov-2025,0b0236e180a3f6d6?_disslists_WAR_disslistsportlet_businessIdentifier=0b0236e180a3f6d6,"<a href=""https://echa.europa.eu/registry-of-clh-intentions-until-outcome/-/dislist/details/0b0236e180a3f6d6?_disslists_WAR_disslistsportlet_businessIdentifier=0b0236e180a3f6d6"" target=""_blank"">Details</a>"
2-bromo-2-(bromomethyl)pentanedinitrile,252-681-0,35691-65-7,Opinion Adopted,Czech Republic,Active substance in Biocidal Products,21-Nov-2025,0b0236e186e454c4?_disslists_WAR_disslistsportlet_businessIdentifier=0b0236e186e454c4,"<a href=""https://echa.europa.eu/registry-of-clh-intentions-until-outcome/-/dislist/details/0b0236e186e454c4?_disslists_WAR_disslistsportlet_businessIdentifier=0b0236e186e454c4"" target=""_blank"">Details</a>"
"2,3-epoxypropyl isopropyl ether",223-672-9,4016-14-2,Opinion Adopted,Sweden,Chemical registered under REACH,21-Nov-2025,0b0236e185d4c581?_disslists_WAR_disslistsportlet_businessIdentifier=0b0236e185d4c581,"<a href=""https://echa.europa.eu/registry-of-clh-intentions-until-outcome/-/dislist/details/0b0236e185d4c581?_disslists_WAR_disslistsportlet_businessIdentifier=0b0236e185d4c581"" target=""_blank"">Details</a>"
Trimethyl phosphate,208-144-8,512-56-1,Opinion Adopted,Austria,Chemical registered under REACH,18-Nov-2025,,
